date,year,month,strategy,action,buy_type,stock,price,amount
2010-02-02,2010,2,Timed HODL,BUY,fallback,AEGISLOG,9.23,423.08
2010-02-02,2010,2,Timed HODL,BUY,fallback,APARINDS,126.83,423.08
2010-02-02,2010,2,Timed HODL,BUY,fallback,BANCOINDIA,17.91,423.08
2010-02-02,2010,2,Timed HODL,BUY,fallback,CEMPRO,18.51,423.08
2010-02-02,2010,2,Timed HODL,BUY,fallback,CHENNPETRO,153.18,423.08
2010-02-02,2010,2,Timed HODL,BUY,fallback,FIEMIND,36.82,423.08
2010-02-02,2010,2,Timed HODL,BUY,fallback,GESHIP,164.63,423.08
2010-02-02,2010,2,Timed HODL,BUY,fallback,GODFRYPHLP,101.9,423.08
2010-02-02,2010,2,Timed HODL,BUY,fallback,GOLDIAM,4.05,423.08
2010-02-02,2010,2,Timed HODL,BUY,fallback,HBLENGINE,33.07,423.08
2010-02-02,2010,2,Timed HODL,BUY,fallback,HINDCOPPER,529.4,423.08
2010-02-02,2010,2,Timed HODL,BUY,fallback,HINDZINC,37.47,423.08
2010-02-02,2010,2,Timed HODL,BUY,fallback,INDOTECH,274.34,423.08
2010-02-02,2010,2,Timed HODL,BUY,fallback,INDRAMEDCO,28.27,423.08
2010-02-02,2010,2,Timed HODL,BUY,fallback,MAHABANK,36.62,423.08
2010-02-02,2010,2,Timed HODL,BUY,fallback,MPSLTD,33.63,423.08
2010-02-02,2010,2,Timed HODL,BUY,fallback,NATIONALUM,44.54,423.08
2010-02-02,2010,2,Timed HODL,BUY,fallback,NMDC,42.81,423.08
2010-02-02,2010,2,Timed HODL,BUY,fallback,RSYSTEMS,5.02,423.08
2010-02-02,2010,2,Timed HODL,BUY,fallback,SARDAEN,16.23,423.08
2010-02-02,2010,2,Timed HODL,BUY,fallback,SIYSIL,22.51,423.08
2010-02-02,2010,2,Timed HODL,BUY,fallback,SOTL,62.2,423.08
2010-02-02,2010,2,Timed HODL,BUY,fallback,TALBROAUTO,8.64,423.08
2010-02-02,2010,2,Timed HODL,BUY,fallback,USHAMART,74.68,423.08
2010-02-02,2010,2,Timed HODL,BUY,fallback,VEDL,106.17,423.08
2010-02-02,2010,2,Timed HODL,BUY,fallback,VIMTALABS,12.11,423.08
2010-03-31,2010,3,Timed HODL,BUY,fallback,AEGISLOG,10.52,203.7
2010-03-31,2010,3,Timed HODL,BUY,fallback,APARINDS,147.31,203.7
2010-03-31,2010,3,Timed HODL,BUY,fallback,BANCOINDIA,18.32,203.7
2010-03-31,2010,3,Timed HODL,BUY,fallback,CEMPRO,18.3,203.7
2010-03-31,2010,3,Timed HODL,BUY,fallback,CHENNPETRO,193.75,203.7
2010-03-31,2010,3,Timed HODL,BUY,fallback,FIEMIND,40.41,203.7
2010-03-31,2010,3,Timed HODL,BUY,fallback,GESHIP,173.14,203.7
2010-03-31,2010,3,Timed HODL,BUY,fallback,GODFRYPHLP,104.34,203.7
2010-03-31,2010,3,Timed HODL,BUY,fallback,GOLDIAM,4.24,203.7
2010-03-31,2010,3,Timed HODL,BUY,fallback,HBLENGINE,29.74,203.7
2010-03-31,2010,3,Timed HODL,BUY,fallback,HINDCOPPER,486.83,203.7
2010-03-31,2010,3,Timed HODL,BUY,fallback,HINDZINC,41.07,203.7
2010-03-31,2010,3,Timed HODL,BUY,fallback,INDOTECH,289.29,203.7
2010-03-31,2010,3,Timed HODL,BUY,fallback,INDRAMEDCO,28.49,203.7
2010-03-31,2010,3,Timed HODL,BUY,fallback,KOVAI,117.1,203.7
2010-03-31,2010,3,Timed HODL,BUY,fallback,MAHABANK,34.6,203.7
2010-03-31,2010,3,Timed HODL,BUY,fallback,MPSLTD,34.59,203.7
2010-03-31,2010,3,Timed HODL,BUY,fallback,NATIONALUM,47.61,203.7
2010-03-31,2010,3,Timed HODL,BUY,fallback,NMDC,26.11,203.7
2010-03-31,2010,3,Timed HODL,BUY,fallback,RSYSTEMS,5.74,203.7
2010-03-31,2010,3,Timed HODL,BUY,fallback,SARDAEN,14.75,203.7
2010-03-31,2010,3,Timed HODL,BUY,fallback,SIYSIL,23.49,203.7
2010-03-31,2010,3,Timed HODL,BUY,fallback,SOTL,61.89,203.7
2010-03-31,2010,3,Timed HODL,BUY,fallback,TALBROAUTO,8.62,203.7
2010-03-31,2010,3,Timed HODL,BUY,fallback,USHAMART,93.27,203.7
2010-03-31,2010,3,Timed HODL,BUY,fallback,VEDL,140.06,203.7
2010-03-31,2010,3,Timed HODL,BUY,fallback,VIMTALABS,11.08,203.7
2010-05-03,2010,5,Timed HODL,BUY,fallback,AEGISLOG,14.24,407.41
2010-05-03,2010,5,Timed HODL,BUY,fallback,APARINDS,173.13,407.41
2010-05-03,2010,5,Timed HODL,BUY,fallback,BANCOINDIA,22.49,407.41
2010-05-03,2010,5,Timed HODL,BUY,fallback,CEMPRO,24.41,407.41
2010-05-03,2010,5,Timed HODL,BUY,fallback,CHENNPETRO,182.72,407.41
2010-05-03,2010,5,Timed HODL,BUY,fallback,FIEMIND,43.59,407.41
2010-05-03,2010,5,Timed HODL,BUY,fallback,GESHIP,191.29,407.41
2010-05-03,2010,5,Timed HODL,BUY,fallback,GODFRYPHLP,99.17,407.41
2010-05-03,2010,5,Timed HODL,BUY,fallback,GOLDIAM,4.21,407.41
2010-05-03,2010,5,Timed HODL,BUY,fallback,HBLENGINE,33.16,407.41
2010-05-03,2010,5,Timed HODL,BUY,fallback,HINDCOPPER,450.25,407.41
2010-05-03,2010,5,Timed HODL,BUY,fallback,HINDZINC,41.48,407.41
2010-05-03,2010,5,Timed HODL,BUY,fallback,INDOTECH,289.79,407.41
2010-05-03,2010,5,Timed HODL,BUY,fallback,INDRAMEDCO,31.23,407.41
2010-05-03,2010,5,Timed HODL,BUY,fallback,KOVAI,149.92,407.41
2010-05-03,2010,5,Timed HODL,BUY,fallback,MAHABANK,38.72,407.41
2010-05-03,2010,5,Timed HODL,BUY,fallback,MPSLTD,35.04,407.41
2010-05-03,2010,5,Timed HODL,BUY,fallback,NATIONALUM,48.41,407.41
2010-05-03,2010,5,Timed HODL,BUY,fallback,NMDC,26.46,407.41
2010-05-03,2010,5,Timed HODL,BUY,fallback,RSYSTEMS,6.01,407.41
2010-05-03,2010,5,Timed HODL,BUY,fallback,SARDAEN,23.54,407.41
2010-05-03,2010,5,Timed HODL,BUY,fallback,SIYSIL,25.61,407.41
2010-05-03,2010,5,Timed HODL,BUY,fallback,SOTL,64.89,407.41
2010-05-03,2010,5,Timed HODL,BUY,fallback,TALBROAUTO,9.48,407.41
2010-05-03,2010,5,Timed HODL,BUY,fallback,USHAMART,85.1,407.41
2010-05-03,2010,5,Timed HODL,BUY,fallback,VEDL,119.74,407.41
2010-05-03,2010,5,Timed HODL,BUY,fallback,VIMTALABS,13.53,407.41
2010-06-01,2010,6,Timed HODL,BUY,fallback,AEGISLOG,13.35,203.7
2010-06-01,2010,6,Timed HODL,BUY,fallback,APARINDS,175.86,203.7
2010-06-01,2010,6,Timed HODL,BUY,fallback,BANCOINDIA,19.59,203.7
2010-06-01,2010,6,Timed HODL,BUY,fallback,CEMPRO,20.31,203.7
2010-06-01,2010,6,Timed HODL,BUY,fallback,CHENNPETRO,164.12,203.7
2010-06-01,2010,6,Timed HODL,BUY,fallback,FIEMIND,45.57,203.7
2010-06-01,2010,6,Timed HODL,BUY,fallback,GESHIP,170.46,203.7
2010-06-01,2010,6,Timed HODL,BUY,fallback,GODFRYPHLP,97.13,203.7
2010-06-01,2010,6,Timed HODL,BUY,fallback,GOLDIAM,4.09,203.7
2010-06-01,2010,6,Timed HODL,BUY,fallback,HBLENGINE,27.94,203.7
2010-06-01,2010,6,Timed HODL,BUY,fallback,HINDCOPPER,421.25,203.7
2010-06-01,2010,6,Timed HODL,BUY,fallback,HINDZINC,32.12,203.7
2010-06-01,2010,6,Timed HODL,BUY,fallback,INDOTECH,254.74,203.7
2010-06-01,2010,6,Timed HODL,BUY,fallback,INDRAMEDCO,28.3,203.7
2010-06-01,2010,6,Timed HODL,BUY,fallback,KOVAI,129.88,203.7
2010-06-01,2010,6,Timed HODL,BUY,fallback,MAHABANK,42.24,203.7
2010-06-01,2010,6,Timed HODL,BUY,fallback,MPSLTD,29.59,203.7
2010-06-01,2010,6,Timed HODL,BUY,fallback,NATIONALUM,49.08,203.7
2010-06-01,2010,6,Timed HODL,BUY,fallback,NMDC,24.36,203.7
2010-06-01,2010,6,Timed HODL,BUY,fallback,RSYSTEMS,5.73,203.7
2010-06-01,2010,6,Timed HODL,BUY,fallback,SARDAEN,18.98,203.7
2010-06-01,2010,6,Timed HODL,BUY,fallback,SIYSIL,26.36,203.7
2010-06-01,2010,6,Timed HODL,BUY,fallback,SOTL,78.62,203.7
2010-06-01,2010,6,Timed HODL,BUY,fallback,TALBROAUTO,10.12,203.7
2010-06-01,2010,6,Timed HODL,BUY,fallback,USHAMART,73.21,203.7
2010-06-01,2010,6,Timed HODL,BUY,fallback,VEDL,107.82,203.7
2010-06-01,2010,6,Timed HODL,BUY,fallback,VIMTALABS,13.66,203.7
2010-06-30,2010,6,Timed HODL,BUY,fallback,AEGISLOG,18.48,0.0
2010-06-30,2010,6,Timed HODL,BUY,fallback,APARINDS,169.48,0.0
2010-06-30,2010,6,Timed HODL,BUY,fallback,BANCOINDIA,23.8,0.0
2010-06-30,2010,6,Timed HODL,BUY,fallback,CEMPRO,23.9,0.0
2010-06-30,2010,6,Timed HODL,BUY,fallback,CHENNPETRO,165.83,0.0
2010-06-30,2010,6,Timed HODL,BUY,fallback,FIEMIND,57.17,0.0
2010-06-30,2010,6,Timed HODL,BUY,fallback,GESHIP,172.31,0.0
2010-06-30,2010,6,Timed HODL,BUY,fallback,GODFRYPHLP,94.4,0.0
2010-06-30,2010,6,Timed HODL,BUY,fallback,GOLDIAM,4.06,0.0
2010-06-30,2010,6,Timed HODL,BUY,fallback,HBLENGINE,27.98,0.0
2010-06-30,2010,6,Timed HODL,BUY,fallback,HINDCOPPER,442.58,0.0
2010-06-30,2010,6,Timed HODL,BUY,fallback,HINDZINC,33.06,0.0
2010-06-30,2010,6,Timed HODL,BUY,fallback,INDOTECH,268.65,0.0
2010-06-30,2010,6,Timed HODL,BUY,fallback,INDRAMEDCO,29.5,0.0
2010-06-30,2010,6,Timed HODL,BUY,fallback,KOVAI,135.69,0.0
2010-06-30,2010,6,Timed HODL,BUY,fallback,MAHABANK,43.02,0.0
2010-06-30,2010,6,Timed HODL,BUY,fallback,MPSLTD,32.74,0.0
2010-06-30,2010,6,Timed HODL,BUY,fallback,NATIONALUM,49.74,0.0
2010-06-30,2010,6,Timed HODL,BUY,fallback,NMDC,23.55,0.0
2010-06-30,2010,6,Timed HODL,BUY,fallback,RSYSTEMS,5.8,0.0
2010-06-30,2010,6,Timed HODL,BUY,fallback,SARDAEN,21.15,0.0
2010-06-30,2010,6,Timed HODL,BUY,fallback,SIYSIL,30.05,0.0
2010-06-30,2010,6,Timed HODL,BUY,fallback,SOTL,78.72,0.0
2010-06-30,2010,6,Timed HODL,BUY,fallback,TALBROAUTO,11.29,0.0
2010-06-30,2010,6,Timed HODL,BUY,fallback,USHAMART,76.74,0.0
2010-06-30,2010,6,Timed HODL,BUY,fallback,VEDL,104.99,0.0
2010-06-30,2010,6,Timed HODL,BUY,fallback,VIMTALABS,15.73,0.0
2010-07-29,2010,7,Timed HODL,BUY,fallback,AEGISLOG,22.96,203.7
2010-07-29,2010,7,Timed HODL,BUY,fallback,APARINDS,168.47,203.7
2010-07-29,2010,7,Timed HODL,BUY,fallback,BANCOINDIA,27.42,203.7
2010-07-29,2010,7,Timed HODL,BUY,fallback,CEMPRO,21.98,203.7
2010-07-29,2010,7,Timed HODL,BUY,fallback,CHENNPETRO,168.69,203.7
2010-07-29,2010,7,Timed HODL,BUY,fallback,FIEMIND,65.21,203.7
2010-07-29,2010,7,Timed HODL,BUY,fallback,GESHIP,172.33,203.7
2010-07-29,2010,7,Timed HODL,BUY,fallback,GODFRYPHLP,97.69,203.7
2010-07-29,2010,7,Timed HODL,BUY,fallback,GOLDIAM,4.63,203.7
2010-07-29,2010,7,Timed HODL,BUY,fallback,HBLENGINE,28.2,203.7
2010-07-29,2010,7,Timed HODL,BUY,fallback,HINDCOPPER,416.82,203.7
2010-07-29,2010,7,Timed HODL,BUY,fallback,HINDZINC,34.37,203.7
2010-07-29,2010,7,Timed HODL,BUY,fallback,INDOTECH,255.89,203.7
2010-07-29,2010,7,Timed HODL,BUY,fallback,INDRAMEDCO,28.97,203.7
2010-07-29,2010,7,Timed HODL,BUY,fallback,KOVAI,138.48,203.7
2010-07-29,2010,7,Timed HODL,BUY,fallback,MAHABANK,46.41,203.7
2010-07-29,2010,7,Timed HODL,BUY,fallback,MPSLTD,31.33,203.7
2010-07-29,2010,7,Timed HODL,BUY,fallback,NATIONALUM,48.72,203.7
2010-07-29,2010,7,Timed HODL,BUY,fallback,NMDC,23.27,203.7
2010-07-29,2010,7,Timed HODL,BUY,fallback,RSYSTEMS,5.69,203.7
2010-07-29,2010,7,Timed HODL,BUY,fallback,SARDAEN,20.24,203.7
2010-07-29,2010,7,Timed HODL,BUY,fallback,SIYSIL,47.08,203.7
2010-07-29,2010,7,Timed HODL,BUY,fallback,SOTL,80.38,203.7
2010-07-29,2010,7,Timed HODL,BUY,fallback,TALBROAUTO,11.83,203.7
2010-07-29,2010,7,Timed HODL,BUY,fallback,USHAMART,76.77,203.7
2010-07-29,2010,7,Timed HODL,BUY,fallback,VEDL,111.03,203.7
2010-07-29,2010,7,Timed HODL,BUY,fallback,VIMTALABS,14.51,203.7
2010-08-27,2010,8,Timed HODL,BUY,fallback,AEGISLOG,24.46,203.7
2010-08-27,2010,8,Timed HODL,BUY,fallback,APARINDS,156.77,203.7
2010-08-27,2010,8,Timed HODL,BUY,fallback,BANCOINDIA,23.29,203.7
2010-08-27,2010,8,Timed HODL,BUY,fallback,CEMPRO,21.6,203.7
2010-08-27,2010,8,Timed HODL,BUY,fallback,CHENNPETRO,171.68,203.7
2010-08-27,2010,8,Timed HODL,BUY,fallback,FIEMIND,61.05,203.7
2010-08-27,2010,8,Timed HODL,BUY,fallback,GESHIP,181.77,203.7
2010-08-27,2010,8,Timed HODL,BUY,fallback,GODFRYPHLP,93.04,203.7
2010-08-27,2010,8,Timed HODL,BUY,fallback,GOLDIAM,4.77,203.7
2010-08-27,2010,8,Timed HODL,BUY,fallback,HBLENGINE,20.04,203.7
2010-08-27,2010,8,Timed HODL,BUY,fallback,HINDCOPPER,374.08,203.7
2010-08-27,2010,8,Timed HODL,BUY,fallback,HINDZINC,36.45,203.7
2010-08-27,2010,8,Timed HODL,BUY,fallback,INDOTECH,259.98,203.7
2010-08-27,2010,8,Timed HODL,BUY,fallback,INDRAMEDCO,29.34,203.7
2010-08-27,2010,8,Timed HODL,BUY,fallback,KOVAI,123.18,203.7
2010-08-27,2010,8,Timed HODL,BUY,fallback,MAHABANK,49.99,203.7
2010-08-27,2010,8,Timed HODL,BUY,fallback,MPSLTD,31.36,203.7
2010-08-27,2010,8,Timed HODL,BUY,fallback,NATIONALUM,47.09,203.7
2010-08-27,2010,8,Timed HODL,BUY,fallback,NMDC,22.0,203.7
2010-08-27,2010,8,Timed HODL,BUY,fallback,RSYSTEMS,5.24,203.7
2010-08-27,2010,8,Timed HODL,BUY,fallback,SARDAEN,19.03,203.7
2010-08-27,2010,8,Timed HODL,BUY,fallback,SIYSIL,51.53,203.7
2010-08-27,2010,8,Timed HODL,BUY,fallback,SOTL,77.89,203.7
2010-08-27,2010,8,Timed HODL,BUY,fallback,TALBROAUTO,12.6,203.7
2010-08-27,2010,8,Timed HODL,BUY,fallback,USHAMART,76.21,203.7
2010-08-27,2010,8,Timed HODL,BUY,fallback,VEDL,95.54,203.7
2010-08-27,2010,8,Timed HODL,BUY,fallback,VIMTALABS,13.85,203.7
2010-09-28,2010,9,Timed HODL,BUY,fallback,AEGISLOG,29.45,203.7
2010-09-28,2010,9,Timed HODL,BUY,fallback,APARINDS,147.04,203.7
2010-09-28,2010,9,Timed HODL,BUY,fallback,BANCOINDIA,24.64,203.7
2010-09-28,2010,9,Timed HODL,BUY,fallback,CEMPRO,22.41,203.7
2010-09-28,2010,9,Timed HODL,BUY,fallback,CHENNPETRO,170.65,203.7
2010-09-28,2010,9,Timed HODL,BUY,fallback,FIEMIND,63.61,203.7
2010-09-28,2010,9,Timed HODL,BUY,fallback,GESHIP,194.78,203.7
2010-09-28,2010,9,Timed HODL,BUY,fallback,GODFRYPHLP,94.51,203.7
2010-09-28,2010,9,Timed HODL,BUY,fallback,GOLDIAM,4.47,203.7
2010-09-28,2010,9,Timed HODL,BUY,fallback,HBLENGINE,23.99,203.7
2010-09-28,2010,9,Timed HODL,BUY,fallback,HINDCOPPER,405.95,203.7
2010-09-28,2010,9,Timed HODL,BUY,fallback,HINDZINC,38.72,203.7
2010-09-28,2010,9,Timed HODL,BUY,fallback,INDOTECH,247.47,203.7
2010-09-28,2010,9,Timed HODL,BUY,fallback,INDRAMEDCO,28.4,203.7
2010-09-28,2010,9,Timed HODL,BUY,fallback,KOVAI,131.25,203.7
2010-09-28,2010,9,Timed HODL,BUY,fallback,MAHABANK,50.63,203.7
2010-09-28,2010,9,Timed HODL,BUY,fallback,MPSLTD,30.98,203.7
2010-09-28,2010,9,Timed HODL,BUY,fallback,NATIONALUM,47.61,203.7
2010-09-28,2010,9,Timed HODL,BUY,fallback,NMDC,23.98,203.7
2010-09-28,2010,9,Timed HODL,BUY,fallback,RSYSTEMS,5.69,203.7
2010-09-28,2010,9,Timed HODL,BUY,fallback,SARDAEN,21.35,203.7
2010-09-28,2010,9,Timed HODL,BUY,fallback,SIYSIL,50.97,203.7
2010-09-28,2010,9,Timed HODL,BUY,fallback,SOTL,75.79,203.7
2010-09-28,2010,9,Timed HODL,BUY,fallback,TALBROAUTO,12.6,203.7
2010-09-28,2010,9,Timed HODL,BUY,fallback,USHAMART,82.9,203.7
2010-09-28,2010,9,Timed HODL,BUY,fallback,VEDL,100.28,203.7
2010-09-28,2010,9,Timed HODL,BUY,fallback,VIMTALABS,14.59,203.7
2010-10-27,2010,10,Timed HODL,BUY,fallback,CHENNPETRO,165.81,611.11
2010-10-27,2010,10,Timed HODL,BUY,fallback,GODFRYPHLP,90.97,611.11
2010-10-27,2010,10,Timed HODL,BUY,fallback,HBLENGINE,24.83,611.11
2010-10-27,2010,10,Timed HODL,BUY,fallback,HINDCOPPER,402.21,611.11
2010-10-27,2010,10,Timed HODL,BUY,fallback,INDOTECH,232.11,611.11
2010-10-27,2010,10,Timed HODL,BUY,fallback,MPSLTD,30.52,611.11
2010-10-27,2010,10,Timed HODL,BUY,fallback,NATIONALUM,46.33,611.11
2010-10-27,2010,10,Timed HODL,BUY,fallback,NMDC,24.54,611.11
2010-10-27,2010,10,Timed HODL,BUY,fallback,VEDL,99.43,611.11
2010-11-01,2010,11,Timed Entry+Exit,BUY,,GODFRYPHLP,93.46,60500.0
2010-11-01,2010,11,Timed HODL,BUY,signal,GODFRYPHLP,93.46,5500.0
2010-11-26,2010,11,Timed Entry+Exit,SELL,,GODFRYPHLP,100.37,64911.75
2010-12-02,2010,12,Timed Entry+Exit,BUY,,GODFRYPHLP,107.6,70411.75
2010-12-06,2010,12,Timed HODL,BUY,signal,CHENNPETRO,166.47,5500.0
2010-12-10,2010,12,Timed Entry+Exit,SELL,,GODFRYPHLP,103.13,67419.19
2010-12-14,2010,12,Timed Entry+Exit,BUY,,CEMPRO,22.4,67419.19
2011-01-03,2011,1,Timed Entry+Exit,BUY,,BANCOINDIA,19.32,6050.0
2011-01-03,2011,1,Timed HODL,BUY,signal,BANCOINDIA,19.32,6050.0
2011-01-07,2011,1,Timed Entry+Exit,SELL,,CEMPRO,21.53,64753.8
2011-01-10,2011,1,Timed Entry+Exit,SELL,,BANCOINDIA,17.47,5466.88
2011-01-24,2011,1,Timed Entry+Exit,BUY,,INDRAMEDCO,25.59,70220.67
2011-01-31,2011,1,Timed Entry+Exit,SELL,,INDRAMEDCO,23.24,63708.09
2011-02-07,2011,2,Timed Entry+Exit,BUY,,BANCOINDIA,16.77,69758.09
2011-02-07,2011,2,Timed HODL,BUY,signal,BANCOINDIA,16.77,6050.0
2011-02-10,2011,2,Timed Entry+Exit,SELL,,BANCOINDIA,14.84,61663.09
2011-02-15,2011,2,Timed Entry+Exit,BUY,,HINDCOPPER,264.26,61663.09
2011-03-04,2011,3,Timed Entry+Exit,BUY,,VIMTALABS,11.09,6050.0
2011-03-04,2011,3,Timed HODL,BUY,signal,VIMTALABS,11.09,6050.0
2011-03-15,2011,3,Timed Entry+Exit,SELL,,VIMTALABS,9.78,5330.1
2011-03-17,2011,3,Timed Entry+Exit,BUY,,APARINDS,148.72,5330.1
2011-05-04,2011,5,Timed Entry+Exit,SELL,,APARINDS,164.24,5880.7
2011-05-04,2011,5,Timed HODL,BUY,fallback,AEGISLOG,20.42,526.09
2011-05-04,2011,5,Timed HODL,BUY,fallback,APARINDS,164.24,526.09
2011-05-04,2011,5,Timed HODL,BUY,fallback,BANCOINDIA,15.76,526.09
2011-05-04,2011,5,Timed HODL,BUY,fallback,CEMPRO,18.53,526.09
2011-05-04,2011,5,Timed HODL,BUY,fallback,CHENNPETRO,151.06,526.09
2011-05-04,2011,5,Timed HODL,BUY,fallback,FIEMIND,60.15,526.09
2011-05-04,2011,5,Timed HODL,BUY,fallback,GESHIP,172.69,526.09
2011-05-04,2011,5,Timed HODL,BUY,fallback,GOLDIAM,3.17,526.09
2011-05-04,2011,5,Timed HODL,BUY,fallback,HBLENGINE,16.85,526.09
2011-05-04,2011,5,Timed HODL,BUY,fallback,HINDCOPPER,255.44,526.09
2011-05-04,2011,5,Timed HODL,BUY,fallback,INDOTECH,146.02,526.09
2011-05-04,2011,5,Timed HODL,BUY,fallback,INDRAMEDCO,23.47,526.09
2011-05-04,2011,5,Timed HODL,BUY,fallback,KOVAI,117.98,526.09
2011-05-04,2011,5,Timed HODL,BUY,fallback,MAHABANK,41.54,526.09
2011-05-04,2011,5,Timed HODL,BUY,fallback,MPSLTD,20.47,526.09
2011-05-04,2011,5,Timed HODL,BUY,fallback,NATIONALUM,42.2,526.09
2011-05-04,2011,5,Timed HODL,BUY,fallback,NMDC,23.74,526.09
2011-05-04,2011,5,Timed HODL,BUY,fallback,RSYSTEMS,6.59,526.09
2011-05-04,2011,5,Timed HODL,BUY,fallback,SARDAEN,19.56,526.09
2011-05-04,2011,5,Timed HODL,BUY,fallback,TALBROAUTO,11.01,526.09
2011-05-04,2011,5,Timed HODL,BUY,fallback,USHAMART,57.07,526.09
2011-05-04,2011,5,Timed HODL,BUY,fallback,VEDL,90.56,526.09
2011-05-04,2011,5,Timed HODL,BUY,fallback,VIMTALABS,9.41,526.09
2011-05-13,2011,5,Timed Entry+Exit,BUY,,SOTL,81.24,17980.7
2011-05-26,2011,5,Timed Entry+Exit,BUY,,INDRAMEDCO,23.34,17142.18
2011-05-26,2011,5,Timed Entry+Exit,SELL,,SOTL,77.53,17142.18
2011-06-02,2011,6,Timed Entry+Exit,BUY,,INDOTECH,143.67,3025.0
2011-06-02,2011,6,Timed Entry+Exit,BUY,,SOTL,84.04,3025.0
2011-06-02,2011,6,Timed HODL,BUY,signal,INDOTECH,143.67,6050.0
2011-06-10,2011,6,Timed Entry+Exit,SELL,,SOTL,81.02,2913.51
2011-06-17,2011,6,Timed Entry+Exit,BUY,,CEMPRO,14.56,2893.29
2011-06-17,2011,6,Timed Entry+Exit,SELL,,INDOTECH,136.59,2873.08
2011-06-17,2011,6,Timed Entry+Exit,BUY,,SOTL,85.74,2893.29
2011-06-20,2011,6,Timed Entry+Exit,SELL,,HINDCOPPER,237.7,55409.33
2011-06-22,2011,6,Timed Entry+Exit,SELL,,CEMPRO,14.33,2845.58
2011-06-23,2011,6,Timed Entry+Exit,BUY,,CEMPRO,14.61,58254.91
2011-06-24,2011,6,Timed Entry+Exit,SELL,,SOTL,80.62,2717.93
2011-06-28,2011,6,Timed Entry+Exit,BUY,,AEGISLOG,18.6,1358.96
2011-06-28,2011,6,Timed Entry+Exit,BUY,,HBLENGINE,16.5,1358.96
2011-07-06,2011,7,Timed Entry+Exit,BUY,,NATIONALUM,39.8,6050.0
2011-07-06,2011,7,Timed HODL,BUY,signal,NATIONALUM,39.8,6050.0
2011-07-12,2011,7,Timed Entry+Exit,SELL,,HBLENGINE,15.48,1273.67
2011-07-14,2011,7,Timed Entry+Exit,SELL,,NATIONALUM,38.55,5854.52
2011-07-21,2011,7,Timed Entry+Exit,BUY,,HBLENGINE,16.1,7128.19
2011-08-02,2011,8,Timed Entry+Exit,BUY,,RSYSTEMS,6.62,6050.0
2011-08-02,2011,8,Timed HODL,BUY,signal,RSYSTEMS,6.62,6050.0
2011-08-04,2011,8,Timed Entry+Exit,SELL,,HBLENGINE,14.94,6611.01
2011-08-05,2011,8,Timed Entry+Exit,SELL,,AEGISLOG,17.17,1252.79
2011-08-05,2011,8,Timed Entry+Exit,SELL,,INDRAMEDCO,23.6,17316.65
2011-08-09,2011,8,Timed Entry+Exit,SELL,,CEMPRO,13.86,55198.79
2011-08-22,2011,8,Timed Entry+Exit,SELL,,RSYSTEMS,5.85,5346.27
2011-08-26,2011,8,Timed Entry+Exit,BUY,,GOLDIAM,2.81,85725.52
2011-09-02,2011,9,Timed Entry+Exit,BUY,,HBLENGINE,13.89,3025.0
2011-09-02,2011,9,Timed Entry+Exit,BUY,,USHAMART,34.18,3025.0
2011-09-02,2011,9,Timed HODL,BUY,signal,HBLENGINE,13.89,3025.0
2011-09-02,2011,9,Timed HODL,BUY,signal,USHAMART,34.18,3025.0
2011-10-03,2011,10,Timed Entry+Exit,BUY,,TALBROAUTO,6.96,8749.24
2011-10-03,2011,10,Timed Entry+Exit,SELL,,USHAMART,30.53,2699.24
2011-10-03,2011,10,Timed HODL,BUY,signal,TALBROAUTO,6.96,6050.0
2011-11-11,2011,11,Timed Entry+Exit,BUY,,AEGISLOG,15.15,6050.0
2011-11-11,2011,11,Timed HODL,BUY,signal,AEGISLOG,15.15,6050.0
2011-11-14,2011,11,Timed Entry+Exit,SELL,,TALBROAUTO,6.33,7946.88
2011-11-16,2011,11,Timed Entry+Exit,SELL,,HBLENGINE,15.18,3303.77
2011-11-16,2011,11,Timed Entry+Exit,BUY,,TALBROAUTO,6.16,11250.65
2011-11-17,2011,11,Timed Entry+Exit,SELL,,AEGISLOG,13.78,5499.42
2011-11-29,2011,11,Timed Entry+Exit,BUY,,APARINDS,110.68,2749.71
2011-11-29,2011,11,Timed Entry+Exit,BUY,,OBEROIRLTY,203.14,2749.71
2011-11-30,2011,11,Timed Entry+Exit,BUY,,HINDZINC,41.7,2756.35
2011-11-30,2011,11,Timed Entry+Exit,SELL,,OBEROIRLTY,203.83,2756.35
2011-12-01,2011,12,Timed Entry+Exit,BUY,,GESHIP,138.69,3025.0
2011-12-01,2011,12,Timed Entry+Exit,BUY,,OBEROIRLTY,206.19,3025.0
2011-12-01,2011,12,Timed HODL,BUY,signal,GESHIP,138.69,3025.0
2011-12-01,2011,12,Timed HODL,BUY,signal,OBEROIRLTY,206.19,3025.0
2011-12-02,2011,12,Timed Entry+Exit,SELL,,GOLDIAM,2.77,84470.72
2011-12-02,2011,12,Timed Entry+Exit,BUY,,VEDL,57.87,84470.72
2011-12-09,2011,12,Timed Entry+Exit,BUY,,BANCOINDIA,14.76,11426.21
2011-12-09,2011,12,Timed Entry+Exit,SELL,,TALBROAUTO,6.27,11426.21
2011-12-13,2011,12,Timed Entry+Exit,SELL,,APARINDS,100.97,2506.1
2011-12-13,2011,12,Timed Entry+Exit,BUY,,TALBROAUTO,6.73,79241.08
2011-12-13,2011,12,Timed Entry+Exit,SELL,,VEDL,52.62,76734.98
2011-12-15,2011,12,Timed Entry+Exit,SELL,,BANCOINDIA,14.26,11028.73
2011-12-15,2011,12,Timed Entry+Exit,SELL,,OBEROIRLTY,202.67,2970.45
2011-12-19,2011,12,Timed Entry+Exit,BUY,,USHAMART,21.9,13999.18
2011-12-20,2011,12,Timed Entry+Exit,SELL,,GESHIP,121.87,2655.49
2011-12-22,2011,12,Timed Entry+Exit,BUY,,NATIONALUM,24.17,2655.49
2011-12-26,2011,12,Timed Entry+Exit,SELL,,TALBROAUTO,6.32,74245.61
2011-12-28,2011,12,Timed Entry+Exit,BUY,,HINDCOPPER,151.8,74245.61
2012-01-02,2012,1,Timed Entry+Exit,BUY,,SOTL,63.86,6655.0
2012-01-02,2012,1,Timed HODL,BUY,signal,SOTL,63.86,6655.0
2012-02-13,2012,2,Timed Entry+Exit,SELL,,HINDCOPPER,263.0,128507.07
2012-02-23,2012,2,Timed Entry+Exit,SELL,,HINDZINC,46.77,3088.69
2012-02-28,2012,2,Timed Entry+Exit,SELL,,NATIONALUM,29.27,3212.56
2012-03-01,2012,3,Timed HODL,BUY,fallback,AEGISLOG,14.28,665.5
2012-03-01,2012,3,Timed HODL,BUY,fallback,APARINDS,115.16,665.5
2012-03-01,2012,3,Timed HODL,BUY,fallback,BANCOINDIA,15.09,665.5
2012-03-01,2012,3,Timed HODL,BUY,fallback,CHENNPETRO,127.92,665.5
2012-03-01,2012,3,Timed HODL,BUY,fallback,FIEMIND,60.48,665.5
2012-03-01,2012,3,Timed HODL,BUY,fallback,GESHIP,147.76,665.5
2012-03-01,2012,3,Timed HODL,BUY,fallback,GODFRYPHLP,145.3,665.5
2012-03-01,2012,3,Timed HODL,BUY,fallback,GOLDIAM,2.78,665.5
2012-03-01,2012,3,Timed HODL,BUY,fallback,INDOTECH,98.71,665.5
2012-03-01,2012,3,Timed HODL,BUY,fallback,JAMNAAUTO,7.87,665.5
2012-03-01,2012,3,Timed HODL,BUY,fallback,KOVAI,95.45,665.5
2012-03-01,2012,3,Timed HODL,BUY,fallback,NATIONALUM,29.17,665.5
2012-03-01,2012,3,Timed HODL,BUY,fallback,NMDC,16.88,665.5
2012-03-01,2012,3,Timed HODL,BUY,fallback,SARDAEN,9.63,665.5
2012-03-01,2012,3,Timed HODL,BUY,fallback,SIYSIL,41.45,665.5
2012-03-01,2012,3,Timed HODL,BUY,fallback,SOTL,73.42,665.5
2012-03-01,2012,3,Timed HODL,BUY,fallback,TALBROAUTO,7.0,665.5
2012-03-01,2012,3,Timed HODL,BUY,fallback,USHAMART,32.99,665.5
2012-03-01,2012,3,Timed HODL,BUY,fallback,VEDL,65.31,665.5
2012-03-01,2012,3,Timed HODL,BUY,fallback,VIMTALABS,7.55,665.5
2012-03-05,2012,3,Timed Entry+Exit,SELL,,USHAMART,34.32,21916.18
2012-03-06,2012,3,Timed Entry+Exit,BUY,,KOVAI,99.27,170034.5
2012-03-20,2012,3,Timed Entry+Exit,SELL,,SOTL,71.48,7440.99
2012-03-22,2012,3,Timed Entry+Exit,BUY,,JAMNAAUTO,7.93,7440.99
2012-03-28,2012,3,Timed Entry+Exit,SELL,,JAMNAAUTO,7.86,7370.9
2012-03-29,2012,3,Timed Entry+Exit,BUY,,JAMNAAUTO,8.48,7370.9
2012-04-04,2012,4,Timed Entry+Exit,BUY,,MAHABANK,40.12,6655.0
2012-04-19,2012,4,Timed HODL,BUY,signal,GOLDIAM,2.49,6655.0
2012-04-20,2012,4,Timed Entry+Exit,SELL,,MAHABANK,39.64,6567.87
2012-04-27,2012,4,Timed Entry+Exit,BUY,,FIEMIND,55.55,6567.87
2012-05-04,2012,5,Timed Entry+Exit,SELL,,FIEMIND,53.57,6327.39
2012-05-08,2012,5,Timed Entry+Exit,SELL,,JAMNAAUTO,11.08,9625.82
2012-05-09,2012,5,Timed Entry+Exit,BUY,,KOVAI,104.04,22608.21
2012-05-09,2012,5,Timed HODL,BUY,signal,KOVAI,104.04,6655.0
2012-05-10,2012,5,Timed Entry+Exit,SELL,,KOVAI,98.84,190585.9
2012-05-22,2012,5,Timed Entry+Exit,BUY,,FIEMIND,52.79,190585.9
2012-06-27,2012,6,Timed Entry+Exit,BUY,,CHENNPETRO,87.6,6655.0
2012-06-27,2012,6,Timed HODL,BUY,signal,CHENNPETRO,87.6,6655.0
2012-07-30,2012,7,Timed HODL,BUY,fallback,AEGISLOG,9.48,369.72
2012-07-30,2012,7,Timed HODL,BUY,fallback,APARINDS,102.51,369.72
2012-07-30,2012,7,Timed HODL,BUY,fallback,BANCOINDIA,14.07,369.72
2012-07-30,2012,7,Timed HODL,BUY,fallback,CHENNPETRO,88.4,369.72
2012-07-30,2012,7,Timed HODL,BUY,fallback,FIEMIND,52.48,369.72
2012-07-30,2012,7,Timed HODL,BUY,fallback,GOLDIAM,2.45,369.72
2012-07-30,2012,7,Timed HODL,BUY,fallback,HBLENGINE,14.47,369.72
2012-07-30,2012,7,Timed HODL,BUY,fallback,HINDCOPPER,226.02,369.72
2012-07-30,2012,7,Timed HODL,BUY,fallback,HINDZINC,42.47,369.72
2012-07-30,2012,7,Timed HODL,BUY,fallback,INDOTECH,84.8,369.72
2012-07-30,2012,7,Timed HODL,BUY,fallback,INDRAMEDCO,23.77,369.72
2012-07-30,2012,7,Timed HODL,BUY,fallback,KOVAI,99.62,369.72
2012-07-30,2012,7,Timed HODL,BUY,fallback,MAHABANK,35.78,369.72
2012-07-30,2012,7,Timed HODL,BUY,fallback,NATIONALUM,25.25,369.72
2012-07-30,2012,7,Timed HODL,BUY,fallback,OBEROIRLTY,218.6,369.72
2012-07-30,2012,7,Timed HODL,BUY,fallback,SARDAEN,9.47,369.72
2012-07-30,2012,7,Timed HODL,BUY,fallback,USHAMART,25.79,369.72
2012-07-30,2012,7,Timed HODL,BUY,fallback,VEDL,58.18,369.72
2012-08-10,2012,8,Timed Entry+Exit,BUY,,AEGISLOG,9.62,13310.0
2012-08-10,2012,8,Timed HODL,BUY,signal,AEGISLOG,9.62,6655.0
2012-09-04,2012,9,Timed Entry+Exit,BUY,,TALBROAUTO,6.62,6655.0
2012-09-04,2012,9,Timed HODL,BUY,signal,TALBROAUTO,6.62,6655.0
2012-09-21,2012,9,Timed Entry+Exit,SELL,,FIEMIND,67.7,244173.09
2012-10-30,2012,10,Timed Entry+Exit,SELL,,AEGISLOG,13.53,18711.3
2012-11-01,2012,11,Timed Entry+Exit,SELL,,CHENNPETRO,95.96,7282.71
2012-11-01,2012,11,Timed HODL,BUY,fallback,BANCOINDIA,14.36,1663.75
2012-11-01,2012,11,Timed HODL,BUY,fallback,CHENNPETRO,95.96,1663.75
2012-11-01,2012,11,Timed HODL,BUY,fallback,HBLENGINE,13.62,1663.75
2012-11-01,2012,11,Timed HODL,BUY,fallback,HINDCOPPER,233.76,1663.75
2012-11-01,2012,11,Timed HODL,BUY,fallback,JAMNAAUTO,8.97,1663.75
2012-11-01,2012,11,Timed HODL,BUY,fallback,NATIONALUM,22.62,1663.75
2012-11-01,2012,11,Timed HODL,BUY,fallback,VEDL,53.36,1663.75
2012-11-01,2012,11,Timed HODL,BUY,fallback,VIMTALABS,7.71,1663.75
2012-11-06,2012,11,Timed Entry+Exit,SELL,,TALBROAUTO,6.92,6949.34
2012-11-19,2012,11,Timed Entry+Exit,BUY,,BANCOINDIA,15.31,290426.44
2012-11-26,2012,11,Timed Entry+Exit,SELL,,BANCOINDIA,14.45,273806.17
2012-11-30,2012,11,Timed Entry+Exit,BUY,,NATIONALUM,22.42,273806.17
2012-12-20,2012,12,Timed Entry+Exit,BUY,,NMDC,15.26,6655.0
2012-12-20,2012,12,Timed HODL,BUY,signal,NMDC,15.26,6655.0
2013-01-01,2013,1,Timed Entry+Exit,BUY,,HINDCOPPER,131.57,7320.5
2013-01-01,2013,1,Timed HODL,BUY,signal,HINDCOPPER,131.57,7320.5
2013-01-29,2013,1,Timed Entry+Exit,SELL,,NMDC,15.07,6567.65
2013-01-30,2013,1,Timed Entry+Exit,BUY,,BANCOINDIA,13.65,6567.65
2013-02-05,2013,2,Timed Entry+Exit,SELL,,BANCOINDIA,13.38,6430.54
2013-02-15,2013,2,Timed Entry+Exit,BUY,,GESHIP,163.19,13751.04
2013-02-18,2013,2,Timed HODL,BUY,signal,JAMNAAUTO,6.76,7320.5
2013-02-25,2013,2,Timed Entry+Exit,SELL,,GESHIP,154.42,12999.0
2013-03-08,2013,3,Timed Entry+Exit,BUY,,NMDC,14.04,20319.5
2013-03-08,2013,3,Timed HODL,BUY,signal,NMDC,14.04,7320.5
2013-03-15,2013,3,Timed Entry+Exit,SELL,,NATIONALUM,19.48,237611.04
2013-03-21,2013,3,Timed Entry+Exit,SELL,,NMDC,12.82,18538.87
2013-03-22,2013,3,Timed Entry+Exit,SELL,,HINDCOPPER,86.73,4820.92
2013-04-02,2013,4,Timed Entry+Exit,BUY,,CEMPRO,17.96,134145.66
2013-04-02,2013,4,Timed Entry+Exit,BUY,,CHENNPETRO,91.61,134145.66
2013-04-02,2013,4,Timed HODL,BUY,signal,CEMPRO,17.96,3660.25
2013-04-02,2013,4,Timed HODL,BUY,signal,CHENNPETRO,91.61,3660.25
2013-04-22,2013,4,Timed Entry+Exit,SELL,,CHENNPETRO,81.44,119127.41
2013-04-22,2013,4,Timed Entry+Exit,BUY,,NATIONALUM,17.12,59563.7
2013-04-22,2013,4,Timed Entry+Exit,BUY,,NMDC,12.23,59563.7
2013-05-03,2013,5,Timed Entry+Exit,BUY,,GESHIP,146.78,7320.5
2013-05-03,2013,5,Timed HODL,BUY,signal,GESHIP,146.78,7320.5
2013-05-23,2013,5,Timed Entry+Exit,SELL,,NMDC,11.18,54376.51
2013-06-05,2013,6,Timed Entry+Exit,BUY,,APARINDS,102.65,61697.01
2013-06-05,2013,6,Timed HODL,BUY,signal,APARINDS,102.65,7320.5
2013-06-06,2013,6,Timed Entry+Exit,SELL,,CEMPRO,16.44,122636.58
2013-06-07,2013,6,Timed Entry+Exit,SELL,,NATIONALUM,16.01,55645.8
2013-06-11,2013,6,Timed Entry+Exit,SELL,,GESHIP,153.1,7628.07
2013-06-13,2013,6,Timed Entry+Exit,SELL,,APARINDS,90.95,54612.67
2013-06-18,2013,6,Timed Entry+Exit,BUY,,SARDAEN,8.72,240523.13
2013-06-21,2013,6,Timed Entry+Exit,SELL,,SARDAEN,8.3,228770.87
2013-06-28,2013,6,Timed Entry+Exit,BUY,,GOLDIAM,2.09,228770.87
2013-07-01,2013,7,Timed Entry+Exit,BUY,,CHENNPETRO,61.82,7320.5
2013-07-01,2013,7,Timed HODL,BUY,signal,CHENNPETRO,61.82,7320.5
2013-08-01,2013,8,Timed Entry+Exit,SELL,,CHENNPETRO,51.8,6127.02
2013-08-06,2013,8,Timed Entry+Exit,SELL,,GOLDIAM,1.89,207295.88
2013-08-08,2013,8,Timed Entry+Exit,BUY,,HINDZINC,37.18,220743.4
2013-08-08,2013,8,Timed HODL,BUY,signal,HINDZINC,37.18,7320.5
2013-09-02,2013,9,Timed Entry+Exit,BUY,,AEGISLOG,9.59,7320.5
2013-09-02,2013,9,Timed HODL,BUY,signal,AEGISLOG,9.59,7320.5
2013-10-03,2013,10,Timed Entry+Exit,BUY,,CHENNPETRO,41.33,7320.5
2013-10-03,2013,10,Timed HODL,BUY,signal,CHENNPETRO,41.33,7320.5
2013-10-10,2013,10,Timed Entry+Exit,SELL,,HINDZINC,47.04,279028.72
2013-10-21,2013,10,Timed Entry+Exit,BUY,,VEDL,61.81,279028.72
2013-11-08,2013,11,Timed Entry+Exit,SELL,,VEDL,62.52,281961.77
2013-11-14,2013,11,Timed Entry+Exit,SELL,,AEGISLOG,12.44,9483.74
2013-12-03,2013,12,Timed HODL,BUY,fallback,CEMPRO,15.39,2091.57
2013-12-03,2013,12,Timed HODL,BUY,fallback,CHENNPETRO,48.66,2091.57
2013-12-03,2013,12,Timed HODL,BUY,fallback,HINDCOPPER,65.14,2091.57
2013-12-03,2013,12,Timed HODL,BUY,fallback,JAMNAAUTO,4.99,2091.57
2013-12-03,2013,12,Timed HODL,BUY,fallback,MAHABANK,31.02,2091.57
2013-12-03,2013,12,Timed HODL,BUY,fallback,OBEROIRLTY,179.55,2091.57
2013-12-03,2013,12,Timed HODL,BUY,fallback,SOTL,70.21,2091.57
2013-12-06,2013,12,Timed Entry+Exit,BUY,,MAHABANK,30.98,306086.51
2013-12-06,2013,12,Timed HODL,BUY,signal,MAHABANK,30.98,0.0
2013-12-12,2013,12,Timed Entry+Exit,SELL,,MAHABANK,30.37,299777.03
2014-01-15,2014,1,Timed Entry+Exit,SELL,,CHENNPETRO,49.92,8833.23
2014-01-29,2014,1,Timed HODL,BUY,fallback,CEMPRO,13.74,805.25
2014-01-29,2014,1,Timed HODL,BUY,fallback,CHENNPETRO,49.62,805.25
2014-01-29,2014,1,Timed HODL,BUY,fallback,GODFRYPHLP,141.02,805.25
2014-01-29,2014,1,Timed HODL,BUY,fallback,GOLDIAM,2.21,805.25
2014-01-29,2014,1,Timed HODL,BUY,fallback,HINDCOPPER,59.12,805.25
2014-01-29,2014,1,Timed HODL,BUY,fallback,INDOTECH,59.77,805.25
2014-01-29,2014,1,Timed HODL,BUY,fallback,JAMNAAUTO,4.66,805.25
2014-01-29,2014,1,Timed HODL,BUY,fallback,MAHABANK,28.46,805.25
2014-01-29,2014,1,Timed HODL,BUY,fallback,OBEROIRLTY,178.89,805.25
2014-01-29,2014,1,Timed HODL,BUY,fallback,SOTL,66.22,805.25
2014-03-04,2014,3,Timed HODL,BUY,fallback,CEMPRO,13.13,2013.14
2014-03-04,2014,3,Timed HODL,BUY,fallback,CHENNPETRO,43.39,2013.14
2014-03-04,2014,3,Timed HODL,BUY,fallback,GOLDIAM,2.18,2013.14
2014-03-04,2014,3,Timed HODL,BUY,fallback,HINDCOPPER,56.41,2013.14
2014-03-04,2014,3,Timed HODL,BUY,fallback,INDOTECH,60.82,2013.14
2014-03-04,2014,3,Timed HODL,BUY,fallback,JAMNAAUTO,5.11,2013.14
2014-03-04,2014,3,Timed HODL,BUY,fallback,MAHABANK,25.45,2013.14
2014-03-04,2014,3,Timed HODL,BUY,fallback,OBEROIRLTY,184.21,2013.14
2014-03-06,2014,3,Timed Entry+Exit,BUY,,CEMPRO,13.09,332767.91
2014-03-13,2014,3,Timed Entry+Exit,SELL,,CEMPRO,12.45,316192.11
2014-03-28,2014,3,Timed Entry+Exit,BUY,,CEMPRO,13.12,316192.11
2014-05-05,2014,5,Timed HODL,BUY,fallback,VEDL,56.43,16105.1
2014-05-09,2014,5,Timed Entry+Exit,SELL,,CEMPRO,12.75,307041.04
2014-05-21,2014,5,Timed Entry+Exit,BUY,,CEMPRO,19.89,323146.14
2014-06-30,2014,6,Timed HODL,BUY,fallback,GODFRYPHLP,156.27,8052.55
2014-07-14,2014,7,Timed Entry+Exit,SELL,,CEMPRO,31.46,510671.71
2014-07-30,2014,7,Timed HODL,BUY,fallback,GODFRYPHLP,147.85,8052.55
2014-08-25,2014,8,Timed Entry+Exit,BUY,,KOVAI,137.57,534829.36
2014-09-02,2014,9,Timed HODL,BUY,fallback,GODFRYPHLP,154.4,16105.1
2014-09-25,2014,9,Timed Entry+Exit,SELL,,KOVAI,137.57,534294.79
2014-10-22,2014,10,Timed Entry+Exit,BUY,,USHAMART,26.57,550399.89
2014-10-22,2014,10,Timed HODL,BUY,signal,USHAMART,26.57,8052.55
2014-12-02,2014,12,Timed Entry+Exit,SELL,,USHAMART,25.57,529119.3
2014-12-03,2014,12,Timed HODL,BUY,fallback,GODFRYPHLP,165.25,2300.73
2014-12-03,2014,12,Timed HODL,BUY,fallback,HINDCOPPER,73.02,2300.73
2014-12-03,2014,12,Timed HODL,BUY,fallback,NMDC,15.34,2300.73
2014-12-03,2014,12,Timed HODL,BUY,fallback,SARDAEN,17.18,2300.73
2014-12-03,2014,12,Timed HODL,BUY,fallback,USHAMART,25.81,2300.73
2014-12-03,2014,12,Timed HODL,BUY,fallback,VEDL,73.13,2300.73
2014-12-03,2014,12,Timed HODL,BUY,fallback,VIMTALABS,35.88,2300.73
2014-12-04,2014,12,Timed Entry+Exit,BUY,,USHAMART,26.38,545224.4
2014-12-18,2014,12,Timed Entry+Exit,SELL,,USHAMART,25.76,531875.06
2015-01-01,2015,1,Timed Entry+Exit,BUY,,USHAMART,26.33,540732.87
2015-01-01,2015,1,Timed HODL,BUY,signal,USHAMART,26.33,8857.81
2015-02-18,2015,2,Timed Entry+Exit,BUY,,VIMTALABS,29.28,8857.81
2015-02-18,2015,2,Timed HODL,BUY,signal,VIMTALABS,29.28,8857.81
2015-03-18,2015,3,Timed Entry+Exit,BUY,,GODFRYPHLP,131.83,8857.81
2015-03-18,2015,3,Timed HODL,BUY,signal,GODFRYPHLP,131.83,8857.81
2015-03-23,2015,3,Timed Entry+Exit,SELL,,GODFRYPHLP,127.38,8550.36
2015-03-31,2015,3,Timed Entry+Exit,BUY,,SOTL,93.99,8550.36
2015-04-01,2015,4,Timed Entry+Exit,BUY,,NATIONALUM,25.22,8857.81
2015-04-01,2015,4,Timed HODL,BUY,signal,NATIONALUM,25.22,8857.81
2015-04-21,2015,4,Timed Entry+Exit,SELL,,VIMTALABS,33.06,9989.39
2015-05-14,2015,5,Timed Entry+Exit,BUY,,INDOTECH,161.07,9423.6
2015-05-14,2015,5,Timed Entry+Exit,BUY,,MAHABANK,31.76,9423.6
2015-05-14,2015,5,Timed HODL,BUY,signal,INDOTECH,161.07,4428.9
2015-05-14,2015,5,Timed HODL,BUY,signal,MAHABANK,31.76,4428.9
2015-05-28,2015,5,Timed Entry+Exit,SELL,,NATIONALUM,25.73,9027.25
2015-05-29,2015,5,Timed Entry+Exit,SELL,,USHAMART,18.03,369914.32
2015-06-08,2015,6,Timed Entry+Exit,SELL,,INDOTECH,148.16,8659.53
2015-06-08,2015,6,Timed Entry+Exit,SELL,,SOTL,86.08,7823.18
2015-06-17,2015,6,Timed Entry+Exit,BUY,,HINDCOPPER,57.67,202141.05
2015-06-17,2015,6,Timed Entry+Exit,BUY,,SOTL,89.12,202141.05
2015-06-17,2015,6,Timed HODL,BUY,signal,HINDCOPPER,57.67,4428.9
2015-06-17,2015,6,Timed HODL,BUY,signal,SOTL,89.12,4428.9
2015-07-02,2015,7,Timed Entry+Exit,BUY,,GOLDIAM,3.08,8857.81
2015-07-06,2015,7,Timed HODL,BUY,signal,GODFRYPHLP,143.96,8857.81
2015-07-23,2015,7,Timed Entry+Exit,SELL,,HINDCOPPER,57.2,200285.12
2015-07-28,2015,7,Timed Entry+Exit,SELL,,MAHABANK,32.12,9521.52
2015-08-03,2015,8,Timed Entry+Exit,BUY,,HINDCOPPER,60.27,72888.15
2015-08-03,2015,8,Timed Entry+Exit,BUY,,INDOTECH,187.74,72888.15
2015-08-03,2015,8,Timed Entry+Exit,BUY,,MAHABANK,33.23,72888.15
2015-08-03,2015,8,Timed HODL,BUY,signal,HINDCOPPER,60.27,4428.9
2015-08-03,2015,8,Timed HODL,BUY,signal,MAHABANK,33.23,4428.9
2015-08-07,2015,8,Timed Entry+Exit,SELL,,GOLDIAM,3.72,10702.56
2015-08-11,2015,8,Timed Entry+Exit,SELL,,MAHABANK,31.56,69165.16
2015-08-11,2015,8,Timed Entry+Exit,SELL,,SOTL,107.82,244306.63
2015-08-11,2015,8,Timed Entry+Exit,BUY,,VEDL,39.68,324174.35
2015-08-12,2015,8,Timed Entry+Exit,SELL,,VEDL,36.57,298424.52
2015-08-17,2015,8,Timed Entry+Exit,SELL,,HINDCOPPER,55.67,67265.33
2015-08-17,2015,8,Timed Entry+Exit,SELL,,INDOTECH,177.12,68696.95
2015-08-31,2015,8,Timed Entry+Exit,BUY,,NMDC,11.66,434386.8
2015-09-02,2015,9,Timed Entry+Exit,BUY,,NATIONALUM,17.3,8857.81
2015-09-02,2015,9,Timed HODL,BUY,signal,NATIONALUM,17.3,8857.81
2015-09-30,2015,9,Timed Entry+Exit,SELL,,NMDC,10.93,406681.1
2015-10-05,2015,10,Timed Entry+Exit,BUY,,USHAMART,13.84,415538.91
2015-10-05,2015,10,Timed HODL,BUY,signal,USHAMART,13.84,8857.81
2015-11-03,2015,11,Timed Entry+Exit,SELL,,NATIONALUM,20.72,10595.09
2015-11-05,2015,11,Timed Entry+Exit,SELL,,USHAMART,14.31,429438.21
2015-11-24,2015,11,Timed Entry+Exit,BUY,,VEDL,29.95,448891.11
2015-11-24,2015,11,Timed HODL,BUY,signal,VEDL,29.95,8857.81
2015-12-01,2015,12,Timed Entry+Exit,BUY,,NMDC,11.2,8857.81
2015-12-01,2015,12,Timed HODL,BUY,signal,NMDC,11.2,8857.81
2015-12-08,2015,12,Timed Entry+Exit,SELL,,NMDC,10.37,8195.02
2015-12-09,2015,12,Timed Entry+Exit,SELL,,VEDL,27.31,408917.89
2015-12-18,2015,12,Timed Entry+Exit,BUY,,ASHIANA,157.65,417112.92
2016-01-05,2016,1,Timed Entry+Exit,BUY,,USHAMART,11.26,9743.59
2016-01-05,2016,1,Timed HODL,BUY,signal,USHAMART,11.26,9743.59
2016-01-08,2016,1,Timed Entry+Exit,SELL,,ASHIANA,150.34,397352.88
2016-01-14,2016,1,Timed Entry+Exit,SELL,,USHAMART,9.4,8125.29
2016-02-01,2016,2,Timed Entry+Exit,BUY,,ASHIANA,143.21,415221.76
2016-02-01,2016,2,Timed HODL,BUY,signal,ASHIANA,143.21,9743.59
2016-02-11,2016,2,Timed Entry+Exit,SELL,,ASHIANA,121.64,352322.44
2016-02-16,2016,2,Timed Entry+Exit,BUY,,MPSLTD,493.84,352322.44
2016-02-19,2016,2,Timed Entry+Exit,SELL,,MPSLTD,481.22,342970.65
2016-02-23,2016,2,Timed Entry+Exit,BUY,,NATIONALUM,18.33,342970.65
2016-03-01,2016,3,Timed Entry+Exit,BUY,,OBEROIRLTY,220.44,9743.59
2016-03-01,2016,3,Timed HODL,BUY,signal,OBEROIRLTY,220.44,9743.59
2016-03-30,2016,3,Timed Entry+Exit,SELL,,OBEROIRLTY,226.53,10002.68
2016-03-31,2016,3,Timed Entry+Exit,BUY,,OBEROIRLTY,232.94,10002.68
2016-04-11,2016,4,Timed Entry+Exit,SELL,,OBEROIRLTY,224.5,9630.63
2016-04-18,2016,4,Timed Entry+Exit,BUY,,OBEROIRLTY,268.49,19374.22
2016-05-04,2016,5,Timed HODL,BUY,fallback,ASHIANA,151.38,1499.01
2016-05-04,2016,5,Timed HODL,BUY,fallback,GESHIP,236.56,1499.01
2016-05-04,2016,5,Timed HODL,BUY,fallback,GODFRYPHLP,249.25,1499.01
2016-05-04,2016,5,Timed HODL,BUY,fallback,HBLENGINE,34.13,1499.01
2016-05-04,2016,5,Timed HODL,BUY,fallback,HINDCOPPER,50.28,1499.01
2016-05-04,2016,5,Timed HODL,BUY,fallback,INDRAMEDCO,46.06,1499.01
2016-05-04,2016,5,Timed HODL,BUY,fallback,MAHABANK,24.86,1499.01
2016-05-04,2016,5,Timed HODL,BUY,fallback,MAYURUNIQ,370.74,1499.01
2016-05-04,2016,5,Timed HODL,BUY,fallback,MPSLTD,492.16,1499.01
2016-05-04,2016,5,Timed HODL,BUY,fallback,RSYSTEMS,46.7,1499.01
2016-05-04,2016,5,Timed HODL,BUY,fallback,SOTL,89.66,1499.01
2016-05-04,2016,5,Timed HODL,BUY,fallback,TALBROAUTO,21.37,1499.01
2016-05-04,2016,5,Timed HODL,BUY,fallback,VIMTALABS,36.58,1499.01
2016-05-09,2016,5,Timed Entry+Exit,SELL,,NATIONALUM,23.69,442786.22
2016-05-23,2016,5,Timed Entry+Exit,SELL,,OBEROIRLTY,257.44,18558.68
2016-05-25,2016,5,Timed Entry+Exit,BUY,,ASHIANA,153.11,471088.49
2016-06-02,2016,6,Timed HODL,BUY,fallback,CHENNPETRO,144.14,811.97
2016-06-02,2016,6,Timed HODL,BUY,fallback,GESHIP,225.89,811.97
2016-06-02,2016,6,Timed HODL,BUY,fallback,GODFRYPHLP,250.04,811.97
2016-06-02,2016,6,Timed HODL,BUY,fallback,HBLENGINE,30.46,811.97
2016-06-02,2016,6,Timed HODL,BUY,fallback,HINDCOPPER,44.07,811.97
2016-06-02,2016,6,Timed HODL,BUY,fallback,INDRAMEDCO,42.54,811.97
2016-06-02,2016,6,Timed HODL,BUY,fallback,MAHABANK,24.39,811.97
2016-06-02,2016,6,Timed HODL,BUY,fallback,MPSLTD,491.86,811.97
2016-06-02,2016,6,Timed HODL,BUY,fallback,RSYSTEMS,45.96,811.97
2016-06-02,2016,6,Timed HODL,BUY,fallback,TALBROAUTO,20.68,811.97
2016-06-02,2016,6,Timed HODL,BUY,fallback,USHAMART,11.59,811.97
2016-06-02,2016,6,Timed HODL,BUY,fallback,VIMTALABS,34.32,811.97
2016-06-07,2016,6,Timed Entry+Exit,SELL,,ASHIANA,145.57,447448.43
2016-06-09,2016,6,Timed Entry+Exit,BUY,,HINDCOPPER,50.7,457192.02
2016-07-11,2016,7,Timed Entry+Exit,BUY,,RSYSTEMS,42.78,9743.59
2016-07-11,2016,7,Timed HODL,BUY,signal,RSYSTEMS,42.78,9743.59
2016-07-18,2016,7,Timed Entry+Exit,SELL,,RSYSTEMS,41.19,9371.62
2016-07-26,2016,7,Timed Entry+Exit,BUY,,RSYSTEMS,42.61,9371.62
2016-08-03,2016,8,Timed Entry+Exit,SELL,,HINDCOPPER,56.86,512174.43
2016-08-19,2016,8,Timed Entry+Exit,BUY,,HINDCOPPER,66.37,521918.02
2016-08-30,2016,8,Timed Entry+Exit,SELL,,HINDCOPPER,61.87,486066.49
2016-08-30,2016,8,Timed HODL,BUY,fallback,HBLENGINE,30.41,2435.9
2016-08-30,2016,8,Timed HODL,BUY,fallback,INDOTECH,189.94,2435.9
2016-08-30,2016,8,Timed HODL,BUY,fallback,MPSLTD,485.66,2435.9
2016-08-30,2016,8,Timed HODL,BUY,fallback,RSYSTEMS,43.59,2435.9
2016-10-03,2016,10,Timed Entry+Exit,SELL,,RSYSTEMS,47.31,10393.53
2016-10-03,2016,10,Timed HODL,BUY,fallback,ASHIANA,136.06,3247.86
2016-10-03,2016,10,Timed HODL,BUY,fallback,HBLENGINE,30.0,3247.86
2016-10-03,2016,10,Timed HODL,BUY,fallback,INDOTECH,189.69,3247.86
2016-10-03,2016,10,Timed HODL,BUY,fallback,INDRAMEDCO,43.54,3247.86
2016-10-03,2016,10,Timed HODL,BUY,fallback,MPSLTD,481.59,3247.86
2016-10-03,2016,10,Timed HODL,BUY,fallback,RSYSTEMS,47.31,3247.86
2016-11-04,2016,11,Timed HODL,BUY,fallback,ASHIANA,137.07,1623.93
2016-11-04,2016,11,Timed HODL,BUY,fallback,INDOTECH,201.55,1623.93
2016-11-04,2016,11,Timed HODL,BUY,fallback,MAHABANK,24.86,1623.93
2016-11-04,2016,11,Timed HODL,BUY,fallback,MAYURUNIQ,388.26,1623.93
2016-11-04,2016,11,Timed HODL,BUY,fallback,MPSLTD,496.91,1623.93
2016-11-04,2016,11,Timed HODL,BUY,fallback,RSYSTEMS,44.7,1623.93
2016-11-15,2016,11,Timed Entry+Exit,BUY,,MAHABANK,26.18,525690.79
2016-11-23,2016,11,Timed Entry+Exit,SELL,,MAHABANK,24.52,491753.57
2016-11-30,2016,11,Timed Entry+Exit,BUY,,ASHIANA,130.69,491753.57
2016-12-02,2016,12,Timed Entry+Exit,BUY,,MAHABANK,24.9,9743.59
2016-12-02,2016,12,Timed HODL,BUY,signal,MAHABANK,24.9,9743.59
2016-12-23,2016,12,Timed Entry+Exit,SELL,,ASHIANA,128.48,482960.1
2016-12-26,2016,12,Timed Entry+Exit,SELL,,MAHABANK,24.17,9450.02
2017-01-02,2017,1,Timed Entry+Exit,BUY,,ASHIANA,137.46,503128.06
2017-01-02,2017,1,Timed HODL,BUY,signal,ASHIANA,137.46,10717.94
2017-02-27,2017,2,Timed Entry+Exit,SELL,,ASHIANA,167.37,611998.45
2017-03-02,2017,3,Timed HODL,BUY,fallback,FIEMIND,386.23,3572.65
2017-03-02,2017,3,Timed HODL,BUY,fallback,GODFRYPHLP,292.79,3572.65
2017-03-02,2017,3,Timed HODL,BUY,fallback,INDOTECH,207.33,3572.65
2017-03-02,2017,3,Timed HODL,BUY,fallback,MAYURUNIQ,333.97,3572.65
2017-03-02,2017,3,Timed HODL,BUY,fallback,MPSLTD,507.82,3572.65
2017-03-02,2017,3,Timed HODL,BUY,fallback,TALBROAUTO,23.67,3572.65
2017-05-04,2017,5,Timed HODL,BUY,fallback,FIEMIND,428.01,7145.29
2017-05-04,2017,5,Timed HODL,BUY,fallback,MPSLTD,505.01,7145.29
2017-05-04,2017,5,Timed HODL,BUY,fallback,RSYSTEMS,41.59,7145.29
2017-06-02,2017,6,Timed HODL,BUY,fallback,FIEMIND,365.27,1071.79
2017-06-02,2017,6,Timed HODL,BUY,fallback,HINDCOPPER,59.89,1071.79
2017-06-02,2017,6,Timed HODL,BUY,fallback,HINDZINC,117.08,1071.79
2017-06-02,2017,6,Timed HODL,BUY,fallback,INDOTECH,205.89,1071.79
2017-06-02,2017,6,Timed HODL,BUY,fallback,INDRAMEDCO,44.82,1071.79
2017-06-02,2017,6,Timed HODL,BUY,fallback,MAHABANK,25.8,1071.79
2017-06-02,2017,6,Timed HODL,BUY,fallback,MAYURUNIQ,342.03,1071.79
2017-06-02,2017,6,Timed HODL,BUY,fallback,MPSLTD,431.27,1071.79
2017-06-02,2017,6,Timed HODL,BUY,fallback,NMDC,16.25,1071.79
2017-06-02,2017,6,Timed HODL,BUY,fallback,RSYSTEMS,34.49,1071.79
2017-06-16,2017,6,Timed Entry+Exit,BUY,,MPSLTD,456.75,665588.15
2017-06-16,2017,6,Timed HODL,BUY,signal,MPSLTD,456.75,0.0
2017-07-11,2017,7,Timed Entry+Exit,BUY,,INDOTECH,189.34,10717.94
2017-07-11,2017,7,Timed HODL,BUY,signal,INDOTECH,189.34,10717.94
2017-07-28,2017,7,Timed Entry+Exit,SELL,,MPSLTD,434.03,631856.31
2017-08-11,2017,8,Timed Entry+Exit,SELL,,INDOTECH,180.76,10222.33
2017-08-18,2017,8,Timed Entry+Exit,BUY,,MPSLTD,432.2,652796.58
2017-08-18,2017,8,Timed HODL,BUY,signal,MPSLTD,432.2,10717.94
2017-09-04,2017,9,Timed Entry+Exit,BUY,,INDOTECH,192.53,10717.94
2017-09-04,2017,9,Timed HODL,BUY,signal,INDOTECH,192.53,10717.94
2017-09-26,2017,9,Timed Entry+Exit,SELL,,MPSLTD,425.96,642730.33
2017-10-03,2017,10,Timed Entry+Exit,BUY,,GODFRYPHLP,294.1,664804.25
2017-10-03,2017,10,Timed Entry+Exit,SELL,,INDOTECH,204.19,11355.98
2017-10-03,2017,10,Timed HODL,BUY,signal,GODFRYPHLP,294.1,10717.94
2017-11-21,2017,11,Timed Entry+Exit,BUY,,INDOTECH,222.64,10717.94
2017-11-29,2017,11,Timed HODL,BUY,fallback,ASHIANA,167.61,1071.79
2017-11-29,2017,11,Timed HODL,BUY,fallback,FIEMIND,382.45,1071.79
2017-11-29,2017,11,Timed HODL,BUY,fallback,GESHIP,292.05,1071.79
2017-11-29,2017,11,Timed HODL,BUY,fallback,GODFRYPHLP,289.68,1071.79
2017-11-29,2017,11,Timed HODL,BUY,fallback,GOKULAGRO,12.68,1071.79
2017-11-29,2017,11,Timed HODL,BUY,fallback,GOLDIAM,10.29,1071.79
2017-11-29,2017,11,Timed HODL,BUY,fallback,INDOTECH,205.79,1071.79
2017-11-29,2017,11,Timed HODL,BUY,fallback,INDRAMEDCO,44.92,1071.79
2017-11-29,2017,11,Timed HODL,BUY,fallback,MAHABANK,23.32,1071.79
2017-11-29,2017,11,Timed HODL,BUY,fallback,MPSLTD,444.94,1071.79
2017-11-30,2017,11,Timed Entry+Exit,SELL,,GODFRYPHLP,288.09,650559.54
2017-11-30,2017,11,Timed Entry+Exit,SELL,,INDOTECH,197.86,9515.67
2017-12-29,2017,12,Timed Entry+Exit,BUY,,HINDCOPPER,95.95,670793.15
2017-12-29,2017,12,Timed HODL,BUY,fallback,ASHIANA,179.87,3572.65
2017-12-29,2017,12,Timed HODL,BUY,fallback,GODFRYPHLP,283.32,3572.65
2017-12-29,2017,12,Timed HODL,BUY,fallback,MAHABANK,19.52,3572.65
2018-01-04,2018,1,Timed Entry+Exit,BUY,,MAHABANK,20.16,11789.74
2018-01-04,2018,1,Timed HODL,BUY,signal,MAHABANK,20.16,11789.74
2018-01-08,2018,1,Timed Entry+Exit,SELL,,HINDCOPPER,92.58,646568.83
2018-01-15,2018,1,Timed Entry+Exit,SELL,,MAHABANK,18.88,11029.36
2018-02-14,2018,2,Timed Entry+Exit,BUY,,APARINDS,715.39,669387.93
2018-02-15,2018,2,Timed HODL,BUY,signal,GOLDIAM,10.19,11789.74
2018-03-15,2018,3,Timed Entry+Exit,BUY,,GODFRYPHLP,260.4,11789.74
2018-03-15,2018,3,Timed HODL,BUY,signal,GODFRYPHLP,260.4,11789.74
2018-03-23,2018,3,Timed Entry+Exit,SELL,,GODFRYPHLP,229.36,10373.8
2018-03-26,2018,3,Timed Entry+Exit,BUY,,FIEMIND,371.32,10373.8
2018-04-02,2018,4,Timed Entry+Exit,BUY,,MAHABANK,11.75,11789.74
2018-04-02,2018,4,Timed HODL,BUY,signal,MAHABANK,11.75,11789.74
2018-05-04,2018,5,Timed Entry+Exit,SELL,,FIEMIND,373.74,10430.96
2018-05-10,2018,5,Timed Entry+Exit,BUY,,ASHIANA,153.96,22220.7
2018-05-10,2018,5,Timed HODL,BUY,signal,ASHIANA,153.96,11789.74
2018-05-21,2018,5,Timed Entry+Exit,SELL,,ASHIANA,147.27,21234.85
2018-05-31,2018,5,Timed Entry+Exit,BUY,,INDRAMEDCO,39.71,21234.85
2018-06-01,2018,6,Timed Entry+Exit,BUY,,CHENNPETRO,225.7,32273.43
2018-06-01,2018,6,Timed Entry+Exit,SELL,,INDRAMEDCO,38.34,20483.69
2018-06-01,2018,6,Timed HODL,BUY,signal,CHENNPETRO,225.7,11789.74
2018-06-27,2018,6,Timed Entry+Exit,SELL,,APARINDS,609.61,569833.53
2018-06-28,2018,6,Timed Entry+Exit,SELL,,MAHABANK,10.51,10535.92
2018-07-02,2018,7,Timed Entry+Exit,BUY,,VEDL,92.25,592159.19
2018-07-02,2018,7,Timed HODL,BUY,signal,VEDL,92.25,11789.74
2018-07-06,2018,7,Timed Entry+Exit,SELL,,VEDL,84.27,540389.37
2018-07-09,2018,7,Timed Entry+Exit,BUY,,GODFRYPHLP,209.1,180129.79
2018-07-09,2018,7,Timed Entry+Exit,BUY,,HBLENGINE,32.09,180129.79
2018-07-09,2018,7,Timed Entry+Exit,BUY,,SARDAEN,36.68,180129.79
2018-07-13,2018,7,Timed Entry+Exit,BUY,,BANCOINDIA,58.92,16278.74
2018-07-13,2018,7,Timed Entry+Exit,SELL,,CHENNPETRO,227.91,32557.49
2018-07-13,2018,7,Timed Entry+Exit,BUY,,RSYSTEMS,23.08,16278.74
2018-07-16,2018,7,Timed Entry+Exit,SELL,,BANCOINDIA,57.73,15934.69
2018-07-18,2018,7,Timed Entry+Exit,SELL,,SARDAEN,33.78,165714.42
2018-07-19,2018,7,Timed Entry+Exit,SELL,,GODFRYPHLP,194.55,167425.28
2018-07-23,2018,7,Timed Entry+Exit,BUY,,GESHIP,207.99,174537.2
2018-07-23,2018,7,Timed Entry+Exit,BUY,,GODFRYPHLP,216.77,174537.2
2018-08-02,2018,8,Timed Entry+Exit,BUY,,GOKULAGRO,7.36,11789.74
2018-08-02,2018,8,Timed HODL,BUY,signal,GOKULAGRO,7.36,11789.74
2018-08-27,2018,8,Timed Entry+Exit,SELL,,GESHIP,227.17,190444.9
2018-08-30,2018,8,Timed Entry+Exit,BUY,,GESHIP,231.31,190444.9
2018-09-05,2018,9,Timed Entry+Exit,SELL,,GOKULAGRO,6.66,10663.83
2018-09-14,2018,9,Timed Entry+Exit,BUY,,HINDZINC,151.05,22453.57
2018-09-17,2018,9,Timed HODL,BUY,signal,OBEROIRLTY,457.43,11789.74
2018-09-21,2018,9,Timed Entry+Exit,SELL,,RSYSTEMS,33.35,23500.0
2018-09-24,2018,9,Timed Entry+Exit,SELL,,GODFRYPHLP,223.31,179622.17
2018-09-25,2018,9,Timed Entry+Exit,SELL,,HBLENGINE,28.07,157384.59
2018-10-01,2018,10,Timed Entry+Exit,SELL,,HINDZINC,146.28,21722.89
2018-10-10,2018,10,Timed Entry+Exit,BUY,,GESHIP,248.24,197009.7
2018-10-10,2018,10,Timed Entry+Exit,BUY,,GOLDIAM,9.67,197009.7
2018-10-10,2018,10,Timed HODL,BUY,signal,GESHIP,248.24,11789.74
2018-10-22,2018,10,Timed Entry+Exit,SELL,,GESHIP,210.7,340350.37
2018-10-22,2018,10,Timed Entry+Exit,BUY,,INDOTECH,100.35,340350.37
2018-10-23,2018,10,Timed Entry+Exit,SELL,,GOLDIAM,9.27,188737.01
2018-10-24,2018,10,Timed Entry+Exit,BUY,,CHENNPETRO,221.98,94368.51
2018-10-24,2018,10,Timed Entry+Exit,BUY,,OBEROIRLTY,420.84,94368.51
2018-11-01,2018,11,Timed Entry+Exit,BUY,,ASHIANA,121.04,3929.91
2018-11-01,2018,11,Timed Entry+Exit,BUY,,HINDCOPPER,48.22,3929.91
2018-11-01,2018,11,Timed Entry+Exit,BUY,,JAMNAAUTO,62.54,3929.91
2018-11-01,2018,11,Timed HODL,BUY,signal,ASHIANA,121.04,3929.91
2018-11-01,2018,11,Timed HODL,BUY,signal,HINDCOPPER,48.22,3929.91
2018-11-01,2018,11,Timed HODL,BUY,signal,JAMNAAUTO,62.54,3929.91
2018-11-19,2018,11,Timed Entry+Exit,SELL,,ASHIANA,116.99,3794.75
2018-11-20,2018,11,Timed Entry+Exit,BUY,,ASHIANA,120.07,3794.75
2018-11-27,2018,11,Timed Entry+Exit,SELL,,JAMNAAUTO,61.62,3868.09
2018-11-27,2018,11,Timed Entry+Exit,BUY,,SOTL,181.76,3868.09
2018-11-29,2018,11,Timed Entry+Exit,SELL,,HINDCOPPER,45.64,3716.29
2018-11-29,2018,11,Timed Entry+Exit,BUY,,MPSLTD,386.32,1858.14
2018-11-29,2018,11,Timed Entry+Exit,BUY,,TALBROAUTO,44.05,1858.14
2018-12-06,2018,12,Timed Entry+Exit,SELL,,SOTL,172.36,3664.36
2018-12-07,2018,12,Timed Entry+Exit,BUY,,FIEMIND,243.96,15454.1
2018-12-07,2018,12,Timed HODL,BUY,signal,FIEMIND,243.96,11789.74
2018-12-11,2018,12,Timed Entry+Exit,SELL,,FIEMIND,238.95,15121.82
2018-12-11,2018,12,Timed Entry+Exit,SELL,,MPSLTD,375.63,1804.9
2018-12-12,2018,12,Timed Entry+Exit,BUY,,FIEMIND,244.86,16926.72
2018-12-19,2018,12,Timed Entry+Exit,SELL,,ASHIANA,112.03,3537.01
2018-12-19,2018,12,Timed Entry+Exit,BUY,,NMDC,14.77,3537.01
2018-12-27,2018,12,Timed Entry+Exit,SELL,,OBEROIRLTY,438.7,98274.04
2018-12-28,2018,12,Timed Entry+Exit,SELL,,FIEMIND,219.5,15158.94
2018-12-31,2018,12,Timed Entry+Exit,BUY,,ASHIANA,116.75,113432.99
2019-01-02,2019,1,Timed Entry+Exit,BUY,,AEGISLOG,187.05,6484.35
2019-01-02,2019,1,Timed Entry+Exit,BUY,,MAYURUNIQ,377.41,6484.35
2019-01-02,2019,1,Timed HODL,BUY,signal,AEGISLOG,187.05,6484.35
2019-01-02,2019,1,Timed HODL,BUY,signal,MAYURUNIQ,377.41,6484.35
2019-01-09,2019,1,Timed Entry+Exit,SELL,,CHENNPETRO,225.66,95836.54
2019-01-14,2019,1,Timed Entry+Exit,BUY,,FIEMIND,225.19,99182.9
2019-01-14,2019,1,Timed Entry+Exit,SELL,,NMDC,13.99,3346.36
2019-01-22,2019,1,Timed Entry+Exit,SELL,,ASHIANA,109.0,105793.01
2019-01-22,2019,1,Timed Entry+Exit,SELL,,MAYURUNIQ,371.56,6377.44
2019-01-23,2019,1,Timed Entry+Exit,SELL,,AEGISLOG,181.0,6268.24
2019-01-23,2019,1,Timed Entry+Exit,SELL,,TALBROAUTO,42.35,1784.83
2019-01-24,2019,1,Timed Entry+Exit,SELL,,INDOTECH,110.77,375311.78
2019-01-25,2019,1,Timed Entry+Exit,SELL,,FIEMIND,211.56,93084.37
2019-01-29,2019,1,Timed Entry+Exit,BUY,,NMDC,13.98,588619.67
2019-02-01,2019,2,Timed Entry+Exit,BUY,,SIYSIL,289.59,12968.71
2019-02-01,2019,2,Timed HODL,BUY,signal,SIYSIL,289.59,12968.71
2019-03-01,2019,3,Timed Entry+Exit,BUY,,MPSLTD,337.67,12968.71
2019-03-01,2019,3,Timed HODL,BUY,signal,MPSLTD,337.67,12968.71
2019-04-02,2019,4,Timed Entry+Exit,BUY,,GESHIP,223.08,12968.71
2019-04-02,2019,4,Timed HODL,BUY,signal,GESHIP,223.08,12968.71
2019-04-04,2019,4,Timed Entry+Exit,SELL,,NMDC,17.03,716001.94
2019-04-16,2019,4,Timed Entry+Exit,BUY,,CHENNPETRO,221.14,716001.94
2019-04-22,2019,4,Timed Entry+Exit,BUY,,BANCOINDIA,46.61,15376.26
2019-04-22,2019,4,Timed Entry+Exit,SELL,,SIYSIL,343.7,15376.26
2019-04-23,2019,4,Timed Entry+Exit,SELL,,CHENNPETRO,210.56,681076.87
2019-04-26,2019,4,Timed Entry+Exit,SELL,,MPSLTD,368.3,14131.01
2019-05-03,2019,5,Timed Entry+Exit,SELL,,BANCOINDIA,44.99,14825.86
2019-05-22,2019,5,Timed Entry+Exit,BUY,,JAMNAAUTO,50.42,723002.45
2019-05-22,2019,5,Timed HODL,BUY,signal,JAMNAAUTO,50.42,12968.71
2019-06-03,2019,6,Timed Entry+Exit,BUY,,CHENNPETRO,186.65,12968.71
2019-06-03,2019,6,Timed HODL,BUY,signal,CHENNPETRO,186.65,12968.71
2019-06-07,2019,6,Timed Entry+Exit,SELL,,CHENNPETRO,181.47,12595.95
2019-06-13,2019,6,Timed Entry+Exit,SELL,,JAMNAAUTO,47.55,681097.11
2019-06-25,2019,6,Timed Entry+Exit,SELL,,GESHIP,203.0,11789.89
2019-06-26,2019,6,Timed Entry+Exit,BUY,,CHENNPETRO,176.16,705482.94
2019-07-01,2019,7,Timed Entry+Exit,BUY,,HINDCOPPER,38.44,12968.71
2019-07-01,2019,7,Timed HODL,BUY,signal,HINDCOPPER,38.44,12968.71
2019-07-08,2019,7,Timed Entry+Exit,SELL,,CHENNPETRO,161.45,645907.02
2019-07-08,2019,7,Timed Entry+Exit,BUY,,MAYURUNIQ,257.2,645907.02
2019-07-10,2019,7,Timed Entry+Exit,SELL,,HINDCOPPER,36.06,12152.04
2019-07-16,2019,7,Timed Entry+Exit,BUY,,VEDL,70.23,12152.04
2019-07-18,2019,7,Timed Entry+Exit,SELL,,VEDL,68.61,11859.85
2019-07-19,2019,7,Timed Entry+Exit,BUY,,GESHIP,198.86,596218.33
2019-07-19,2019,7,Timed Entry+Exit,SELL,,MAYURUNIQ,232.93,584358.48
2019-07-23,2019,7,Timed Entry+Exit,SELL,,GESHIP,189.63,567969.6
2019-07-25,2019,7,Timed Entry+Exit,BUY,,BLS,19.16,283984.8
2019-07-25,2019,7,Timed Entry+Exit,BUY,,VEDL,72.15,283984.8
2019-07-29,2019,7,Timed Entry+Exit,SELL,,VEDL,65.5,257556.44
2019-07-31,2019,7,Timed Entry+Exit,BUY,,INDRAMEDCO,31.87,257556.44
2019-08-06,2019,8,Timed Entry+Exit,SELL,,INDRAMEDCO,31.7,255875.49
2019-08-08,2019,8,Timed Entry+Exit,BUY,,GOKULAGRO,6.24,268844.2
2019-08-08,2019,8,Timed HODL,BUY,signal,GOKULAGRO,6.24,12968.71
2019-09-03,2019,9,Timed Entry+Exit,BUY,,MAHABANK,10.42,12968.71
2019-09-03,2019,9,Timed HODL,BUY,signal,MAHABANK,10.42,12968.71
2019-10-04,2019,10,Timed Entry+Exit,SELL,,GOKULAGRO,7.06,303886.2
2019-10-04,2019,10,Timed Entry+Exit,SELL,,MAHABANK,9.44,11734.51
2019-10-10,2019,10,Timed Entry+Exit,SELL,,BLS,18.8,278377.61
2019-10-15,2019,10,Timed Entry+Exit,BUY,,BLS,19.24,202322.34
2019-10-15,2019,10,Timed Entry+Exit,BUY,,FIEMIND,150.51,202322.34
2019-10-15,2019,10,Timed Entry+Exit,BUY,,VEDL,64.59,202322.34
2019-10-15,2019,10,Timed HODL,BUY,signal,BLS,19.24,4322.9
2019-10-15,2019,10,Timed HODL,BUY,signal,FIEMIND,150.51,4322.9
2019-10-15,2019,10,Timed HODL,BUY,signal,VEDL,64.59,4322.9
2019-10-16,2019,10,Timed Entry+Exit,SELL,,BLS,18.8,197446.12
2019-10-16,2019,10,Timed Entry+Exit,BUY,,HINDZINC,114.24,197446.12
2019-10-25,2019,10,Timed Entry+Exit,SELL,,VEDL,59.84,187240.88
2019-10-27,2019,10,Timed Entry+Exit,BUY,,APARINDS,507.12,93620.44
2019-10-27,2019,10,Timed Entry+Exit,BUY,,SOTL,159.04,93620.44
2019-11-04,2019,11,Timed Entry+Exit,BUY,,ASHIANA,97.71,6484.35
2019-11-04,2019,11,Timed Entry+Exit,BUY,,CHENNPETRO,134.27,6484.35
2019-11-04,2019,11,Timed HODL,BUY,signal,ASHIANA,97.71,6484.35
2019-11-04,2019,11,Timed HODL,BUY,signal,CHENNPETRO,134.27,6484.35
2019-11-13,2019,11,Timed Entry+Exit,SELL,,CHENNPETRO,122.53,5911.16
2019-11-14,2019,11,Timed Entry+Exit,BUY,,AEGISLOG,165.49,90055.49
2019-11-14,2019,11,Timed Entry+Exit,SELL,,APARINDS,456.25,84144.33
2019-11-19,2019,11,Timed Entry+Exit,SELL,,SOTL,163.37,96072.65
2019-11-22,2019,11,Timed Entry+Exit,SELL,,ASHIANA,91.34,6055.4
2019-11-26,2019,11,Timed Entry+Exit,BUY,,BLS,16.09,51064.02
2019-11-26,2019,11,Timed Entry+Exit,BUY,,HINDCOPPER,39.45,51064.02
2019-12-03,2019,12,Timed Entry+Exit,SELL,,HINDCOPPER,38.15,49322.99
2019-12-10,2019,12,Timed Entry+Exit,SELL,,BLS,15.6,49449.81
2019-12-10,2019,12,Timed Entry+Exit,BUY,,HBLENGINE,15.12,111741.51
2019-12-10,2019,12,Timed HODL,BUY,signal,HBLENGINE,15.12,12968.71
2019-12-12,2019,12,Timed Entry+Exit,SELL,,FIEMIND,184.21,247385.36
2019-12-16,2019,12,Timed Entry+Exit,SELL,,AEGISLOG,168.95,91848.12
2019-12-16,2019,12,Timed Entry+Exit,BUY,,ASHIANA,92.3,339233.49
2020-01-01,2020,1,Timed Entry+Exit,BUY,,CEMPRO,56.24,4755.19
2020-01-01,2020,1,Timed Entry+Exit,BUY,,HINDCOPPER,39.16,4755.19
2020-01-01,2020,1,Timed Entry+Exit,BUY,,SOTL,155.8,4755.19
2020-01-01,2020,1,Timed HODL,BUY,signal,CEMPRO,56.24,7132.79
2020-01-01,2020,1,Timed HODL,BUY,signal,SOTL,155.8,7132.79
2020-01-08,2020,1,Timed Entry+Exit,SELL,,SOTL,153.32,4674.82
2020-01-27,2020,1,Timed Entry+Exit,SELL,,HINDCOPPER,43.52,5278.92
2020-02-03,2020,2,Timed Entry+Exit,SELL,,ASHIANA,101.23,371684.98
2020-02-04,2020,2,Timed Entry+Exit,SELL,,CEMPRO,55.55,4692.66
2020-02-06,2020,2,Timed Entry+Exit,BUY,,BLS,16.98,400596.95
2020-02-06,2020,2,Timed HODL,BUY,signal,BLS,16.98,14265.58
2020-02-07,2020,2,Timed Entry+Exit,SELL,,HBLENGINE,17.34,127983.22
2020-02-10,2020,2,Timed Entry+Exit,BUY,,APARINDS,363.06,127983.22
2020-02-26,2020,2,Timed Entry+Exit,SELL,,APARINDS,340.3,119841.96
2020-03-31,2020,3,Timed Entry+Exit,BUY,,HINDZINC,84.3,134107.54
2020-03-31,2020,3,Timed HODL,BUY,signal,HINDZINC,84.3,14265.58
2020-04-01,2020,4,Timed Entry+Exit,BUY,,MPSLTD,186.37,7132.79
2020-04-01,2020,4,Timed Entry+Exit,BUY,,NMDC,13.62,7132.79
2020-04-01,2020,4,Timed HODL,BUY,signal,MPSLTD,186.37,7132.79
2020-04-01,2020,4,Timed HODL,BUY,signal,NMDC,13.62,7132.79
2020-05-13,2020,5,Timed Entry+Exit,BUY,,HBLENGINE,12.14,7132.79
2020-05-13,2020,5,Timed Entry+Exit,BUY,,MAHABANK,7.73,7132.79
2020-05-13,2020,5,Timed HODL,BUY,signal,HBLENGINE,12.14,7132.79
2020-05-13,2020,5,Timed HODL,BUY,signal,MAHABANK,7.73,7132.79
2020-05-20,2020,5,Timed Entry+Exit,SELL,,HBLENGINE,11.36,6667.79
2020-05-20,2020,5,Timed Entry+Exit,SELL,,MAHABANK,7.35,6771.35
2020-05-27,2020,5,Timed Entry+Exit,SELL,,MPSLTD,193.57,7400.75
2020-05-27,2020,5,Timed Entry+Exit,BUY,,NATIONALUM,21.6,6946.63
2020-05-27,2020,5,Timed Entry+Exit,BUY,,OBEROIRLTY,296.42,6946.63
2020-05-27,2020,5,Timed Entry+Exit,BUY,,SIYSIL,91.15,6946.63
2020-06-01,2020,6,Timed Entry+Exit,BUY,,GOKULAGRO,5.37,3566.39
2020-06-01,2020,6,Timed Entry+Exit,BUY,,MAHABANK,7.77,3566.39
2020-06-01,2020,6,Timed Entry+Exit,BUY,,MPSLTD,201.64,3566.39
2020-06-01,2020,6,Timed Entry+Exit,BUY,,SOTL,125.13,3566.39
2020-06-01,2020,6,Timed HODL,BUY,signal,GOKULAGRO,5.37,3566.39
2020-06-01,2020,6,Timed HODL,BUY,signal,MAHABANK,7.77,3566.39
2020-06-01,2020,6,Timed HODL,BUY,signal,MPSLTD,201.64,3566.39
2020-06-01,2020,6,Timed HODL,BUY,signal,SOTL,125.13,3566.39
2020-07-09,2020,7,Timed Entry+Exit,SELL,,GOKULAGRO,7.81,5179.3
2020-07-14,2020,7,Timed Entry+Exit,SELL,,HINDZINC,113.92,377744.56
2020-07-16,2020,7,Timed Entry+Exit,SELL,,MAHABANK,9.01,4130.53
2020-07-23,2020,7,Timed Entry+Exit,BUY,,VEDL,49.57,401319.98
2020-07-23,2020,7,Timed HODL,BUY,signal,VEDL,49.57,14265.58
2020-07-24,2020,7,Timed Entry+Exit,SELL,,NATIONALUM,24.72,7943.01
2020-07-27,2020,7,Timed Entry+Exit,SELL,,VEDL,47.79,386493.49
2020-08-05,2020,8,Timed Entry+Exit,BUY,,MAYURUNIQ,241.18,408702.09
2020-08-07,2020,8,Timed HODL,BUY,signal,NATIONALUM,25.94,7132.79
2020-08-07,2020,8,Timed HODL,BUY,signal,USHAMART,19.89,7132.79
2020-08-27,2020,8,Timed Entry+Exit,SELL,,MPSLTD,342.7,6055.43
2020-08-31,2020,8,Timed Entry+Exit,SELL,,BLS,23.84,561742.58
2020-09-03,2020,9,Timed Entry+Exit,SELL,,SIYSIL,134.12,10211.01
2020-09-04,2020,9,Timed Entry+Exit,SELL,,SOTL,132.54,3773.73
2020-09-07,2020,9,Timed Entry+Exit,SELL,,MAYURUNIQ,269.34,455967.38
2020-09-07,2020,9,Timed Entry+Exit,SELL,,NMDC,16.26,8504.53
2020-09-29,2020,9,Timed HODL,BUY,fallback,APARINDS,275.46,1188.8
2020-09-29,2020,9,Timed HODL,BUY,fallback,CHENNPETRO,59.57,1188.8
2020-09-29,2020,9,Timed HODL,BUY,fallback,GESHIP,194.93,1188.8
2020-09-29,2020,9,Timed HODL,BUY,fallback,GODFRYPHLP,274.16,1188.8
2020-09-29,2020,9,Timed HODL,BUY,fallback,HINDCOPPER,32.77,1188.8
2020-09-29,2020,9,Timed HODL,BUY,fallback,INDOTECH,93.17,1188.8
2020-09-29,2020,9,Timed HODL,BUY,fallback,NATIONALUM,24.46,1188.8
2020-09-29,2020,9,Timed HODL,BUY,fallback,NMDC,14.35,1188.8
2020-09-29,2020,9,Timed HODL,BUY,fallback,OBEROIRLTY,390.62,1188.8
2020-09-29,2020,9,Timed HODL,BUY,fallback,POLYCAB,804.21,1188.8
2020-09-29,2020,9,Timed HODL,BUY,fallback,SIYSIL,128.64,1188.8
2020-09-29,2020,9,Timed HODL,BUY,fallback,SOTL,126.44,1188.8
2020-10-01,2020,10,Timed Entry+Exit,SELL,,OBEROIRLTY,398.78,9335.99
2020-10-30,2020,10,Timed HODL,BUY,fallback,APARINDS,272.8,1097.35
2020-10-30,2020,10,Timed HODL,BUY,fallback,CHENNPETRO,64.38,1097.35
2020-10-30,2020,10,Timed HODL,BUY,fallback,GESHIP,182.77,1097.35
2020-10-30,2020,10,Timed HODL,BUY,fallback,GODFRYPHLP,268.36,1097.35
2020-10-30,2020,10,Timed HODL,BUY,fallback,GOKULAGRO,6.44,1097.35
2020-10-30,2020,10,Timed HODL,BUY,fallback,HINDCOPPER,31.9,1097.35
2020-10-30,2020,10,Timed HODL,BUY,fallback,INDOTECH,88.49,1097.35
2020-10-30,2020,10,Timed HODL,BUY,fallback,MAHABANK,9.44,1097.35
2020-10-30,2020,10,Timed HODL,BUY,fallback,NATIONALUM,22.56,1097.35
2020-10-30,2020,10,Timed HODL,BUY,fallback,NMDC,14.3,1097.35
2020-10-30,2020,10,Timed HODL,BUY,fallback,SIYSIL,122.45,1097.35
2020-10-30,2020,10,Timed HODL,BUY,fallback,SOTL,129.86,1097.35
2020-10-30,2020,10,Timed HODL,BUY,fallback,VEDL,45.91,1097.35
2020-12-01,2020,12,Timed HODL,BUY,fallback,GODFRYPHLP,269.34,28531.16
2021-02-01,2021,2,Timed HODL,BUY,fallback,GODFRYPHLP,277.66,31384.28
2021-03-31,2021,3,Timed Entry+Exit,BUY,,GODFRYPHLP,273.98,1159729.39
2021-03-31,2021,3,Timed HODL,BUY,signal,GODFRYPHLP,273.98,15692.14
2021-04-15,2021,4,Timed Entry+Exit,SELL,,GODFRYPHLP,261.64,1106382.5
2021-04-26,2021,4,Timed Entry+Exit,BUY,,INDOTECH,87.99,1122074.64
2021-04-26,2021,4,Timed HODL,BUY,signal,INDOTECH,87.99,15692.14
2021-05-14,2021,5,Timed Entry+Exit,BUY,,GODFRYPHLP,260.28,15692.14
2021-05-14,2021,5,Timed HODL,BUY,signal,GODFRYPHLP,260.28,15692.14
2021-06-29,2021,6,Timed HODL,BUY,fallback,APARINDS,490.39,424.11
2021-06-29,2021,6,Timed HODL,BUY,fallback,ASHIANA,135.98,424.11
2021-06-29,2021,6,Timed HODL,BUY,fallback,BANCOINDIA,62.95,424.11
2021-06-29,2021,6,Timed HODL,BUY,fallback,BLS,31.67,424.11
2021-06-29,2021,6,Timed HODL,BUY,fallback,CEMPRO,82.26,424.11
2021-06-29,2021,6,Timed HODL,BUY,fallback,CHENNPETRO,120.69,424.11
2021-06-29,2021,6,Timed HODL,BUY,fallback,FIEMIND,339.43,424.11
2021-06-29,2021,6,Timed HODL,BUY,fallback,GESHIP,313.81,424.11
2021-06-29,2021,6,Timed HODL,BUY,fallback,GODFRYPHLP,301.24,424.11
2021-06-29,2021,6,Timed HODL,BUY,fallback,GOKULAGRO,20.21,424.11
2021-06-29,2021,6,Timed HODL,BUY,fallback,GOLDIAM,64.47,424.11
2021-06-29,2021,6,Timed HODL,BUY,fallback,HBLENGINE,43.52,424.11
2021-06-29,2021,6,Timed HODL,BUY,fallback,HINDCOPPER,141.6,424.11
2021-06-29,2021,6,Timed HODL,BUY,fallback,HINDZINC,222.22,424.11
2021-06-29,2021,6,Timed HODL,BUY,fallback,INDOTECH,220.2,424.11
2021-06-29,2021,6,Timed HODL,BUY,fallback,INDRAMEDCO,77.55,424.11
2021-06-29,2021,6,Timed HODL,BUY,fallback,JAMNAAUTO,74.39,424.11
2021-06-29,2021,6,Timed HODL,BUY,fallback,KOVAI,617.31,424.11
2021-06-29,2021,6,Timed HODL,BUY,fallback,MAHABANK,21.65,424.11
2021-06-29,2021,6,Timed HODL,BUY,fallback,MAYURUNIQ,496.26,424.11
2021-06-29,2021,6,Timed HODL,BUY,fallback,MPSLTD,501.35,424.11
2021-06-29,2021,6,Timed HODL,BUY,fallback,NATIONALUM,60.25,424.11
2021-06-29,2021,6,Timed HODL,BUY,fallback,NMDC,34.06,424.11
2021-06-29,2021,6,Timed HODL,BUY,fallback,OBEROIRLTY,596.27,424.11
2021-06-29,2021,6,Timed HODL,BUY,fallback,POLYCAB,1885.37,424.11
2021-06-29,2021,6,Timed HODL,BUY,fallback,RAILTEL,131.84,424.11
2021-06-29,2021,6,Timed HODL,BUY,fallback,RSYSTEMS,135.88,424.11
2021-06-29,2021,6,Timed HODL,BUY,fallback,SARDAEN,62.78,424.11
2021-06-29,2021,6,Timed HODL,BUY,fallback,SBCL,85.07,424.11
2021-06-29,2021,6,Timed HODL,BUY,fallback,SIRCA,161.33,424.11
2021-06-29,2021,6,Timed HODL,BUY,fallback,SIYSIL,279.79,424.11
2021-06-29,2021,6,Timed HODL,BUY,fallback,SOTL,268.96,424.11
2021-06-29,2021,6,Timed HODL,BUY,fallback,TALBROAUTO,53.6,424.11
2021-06-29,2021,6,Timed HODL,BUY,fallback,USHAMART,54.01,424.11
2021-06-29,2021,6,Timed HODL,BUY,fallback,VEDL,127.77,424.11
2021-06-29,2021,6,Timed HODL,BUY,fallback,VIMTALABS,123.76,424.11
2021-07-26,2021,7,Timed Entry+Exit,SELL,,INDOTECH,241.98,3082779.95
2021-07-29,2021,7,Timed HODL,BUY,fallback,AEGISLOG,298.43,435.57
2021-07-29,2021,7,Timed HODL,BUY,fallback,APARINDS,634.54,435.57
2021-07-29,2021,7,Timed HODL,BUY,fallback,ASHIANA,170.72,435.57
2021-07-29,2021,7,Timed HODL,BUY,fallback,BANCOINDIA,64.06,435.57
2021-07-29,2021,7,Timed HODL,BUY,fallback,BLS,37.3,435.57
2021-07-29,2021,7,Timed HODL,BUY,fallback,CEMPRO,84.17,435.57
2021-07-29,2021,7,Timed HODL,BUY,fallback,CHENNPETRO,96.15,435.57
2021-07-29,2021,7,Timed HODL,BUY,fallback,FIEMIND,363.59,435.57
2021-07-29,2021,7,Timed HODL,BUY,fallback,GESHIP,285.68,435.57
2021-07-29,2021,7,Timed HODL,BUY,fallback,GODFRYPHLP,319.21,435.57
2021-07-29,2021,7,Timed HODL,BUY,fallback,GOKULAGRO,20.9,435.57
2021-07-29,2021,7,Timed HODL,BUY,fallback,GOLDIAM,84.52,435.57
2021-07-29,2021,7,Timed HODL,BUY,fallback,HBLENGINE,52.01,435.57
2021-07-29,2021,7,Timed HODL,BUY,fallback,HINDCOPPER,147.6,435.57
2021-07-29,2021,7,Timed HODL,BUY,fallback,HINDZINC,211.4,435.57
2021-07-29,2021,7,Timed HODL,BUY,fallback,INDOTECH,229.67,435.57
2021-07-29,2021,7,Timed HODL,BUY,fallback,INDRAMEDCO,74.75,435.57
2021-07-29,2021,7,Timed HODL,BUY,fallback,JAMNAAUTO,79.25,435.57
2021-07-29,2021,7,Timed HODL,BUY,fallback,KOVAI,617.31,435.57
2021-07-29,2021,7,Timed HODL,BUY,fallback,MAHABANK,18.28,435.57
2021-07-29,2021,7,Timed HODL,BUY,fallback,MAYURUNIQ,502.94,435.57
2021-07-29,2021,7,Timed HODL,BUY,fallback,MPSLTD,617.56,435.57
2021-07-29,2021,7,Timed HODL,BUY,fallback,NATIONALUM,72.59,435.57
2021-07-29,2021,7,Timed HODL,BUY,fallback,NMDC,34.28,435.57
2021-07-29,2021,7,Timed HODL,BUY,fallback,OBEROIRLTY,675.18,435.57
2021-07-29,2021,7,Timed HODL,BUY,fallback,POLYCAB,1765.84,435.57
2021-07-29,2021,7,Timed HODL,BUY,fallback,RAILTEL,128.93,435.57
2021-07-29,2021,7,Timed HODL,BUY,fallback,RSYSTEMS,158.69,435.57
2021-07-29,2021,7,Timed HODL,BUY,fallback,SARDAEN,79.19,435.57
2021-07-29,2021,7,Timed HODL,BUY,fallback,SBCL,81.54,435.57
2021-07-29,2021,7,Timed HODL,BUY,fallback,SIRCA,167.25,435.57
2021-07-29,2021,7,Timed HODL,BUY,fallback,SIYSIL,373.84,435.57
2021-07-29,2021,7,Timed HODL,BUY,fallback,SOTL,278.01,435.57
2021-07-29,2021,7,Timed HODL,BUY,fallback,TALBROAUTO,62.05,435.57
2021-07-29,2021,7,Timed HODL,BUY,fallback,USHAMART,63.55,435.57
2021-07-29,2021,7,Timed HODL,BUY,fallback,VEDL,138.37,435.57
2021-07-29,2021,7,Timed HODL,BUY,fallback,VIMTALABS,158.06,435.57
2021-08-09,2021,8,Timed Entry+Exit,SELL,,GODFRYPHLP,318.09,19158.4
2021-08-30,2021,8,Timed HODL,BUY,fallback,AEGISLOG,250.06,5230.71
2021-08-30,2021,8,Timed HODL,BUY,fallback,CHENNPETRO,89.0,5230.71
2021-08-30,2021,8,Timed HODL,BUY,fallback,MAHABANK,15.46,5230.71
2021-09-29,2021,9,Timed HODL,BUY,fallback,AEGISLOG,215.35,3138.43
2021-09-29,2021,9,Timed HODL,BUY,fallback,CEMPRO,75.1,3138.43
2021-09-29,2021,9,Timed HODL,BUY,fallback,HINDCOPPER,109.57,3138.43
2021-09-29,2021,9,Timed HODL,BUY,fallback,MAHABANK,16.1,3138.43
2021-09-29,2021,9,Timed HODL,BUY,fallback,NMDC,26.81,3138.43
2021-10-28,2021,10,Timed Entry+Exit,BUY,,AEGISLOG,206.95,3180399.04
2021-10-28,2021,10,Timed HODL,BUY,signal,AEGISLOG,206.95,15692.14
2021-12-01,2021,12,Timed HODL,BUY,fallback,AEGISLOG,219.76,3487.14
2021-12-01,2021,12,Timed HODL,BUY,fallback,BANCOINDIA,66.33,3487.14
2021-12-01,2021,12,Timed HODL,BUY,fallback,CEMPRO,73.62,3487.14
2021-12-01,2021,12,Timed HODL,BUY,fallback,CHENNPETRO,87.03,3487.14
2021-12-01,2021,12,Timed HODL,BUY,fallback,GESHIP,252.56,3487.14
2021-12-01,2021,12,Timed HODL,BUY,fallback,HINDCOPPER,111.95,3487.14
2021-12-01,2021,12,Timed HODL,BUY,fallback,MAHABANK,16.4,3487.14
2021-12-01,2021,12,Timed HODL,BUY,fallback,NMDC,25.81,3487.14
2021-12-01,2021,12,Timed HODL,BUY,fallback,SOTL,213.35,3487.14
2021-12-22,2021,12,Timed Entry+Exit,SELL,,AEGISLOG,205.26,3151277.71
2021-12-30,2021,12,Timed HODL,BUY,fallback,AEGISLOG,205.4,0.0
2021-12-30,2021,12,Timed HODL,BUY,fallback,BANCOINDIA,67.64,0.0
2021-12-30,2021,12,Timed HODL,BUY,fallback,CEMPRO,76.38,0.0
2021-12-30,2021,12,Timed HODL,BUY,fallback,CHENNPETRO,85.15,0.0
2021-12-30,2021,12,Timed HODL,BUY,fallback,GESHIP,252.94,0.0
2021-12-30,2021,12,Timed HODL,BUY,fallback,HINDCOPPER,119.08,0.0
2021-12-30,2021,12,Timed HODL,BUY,fallback,INDRAMEDCO,69.78,0.0
2021-12-30,2021,12,Timed HODL,BUY,fallback,MAHABANK,16.27,0.0
2021-12-30,2021,12,Timed HODL,BUY,fallback,MPSLTD,546.96,0.0
2021-12-30,2021,12,Timed HODL,BUY,fallback,NMDC,26.78,0.0
2021-12-30,2021,12,Timed HODL,BUY,fallback,RAILTEL,108.52,0.0
2021-12-30,2021,12,Timed HODL,BUY,fallback,SOTL,208.43,0.0
2022-01-03,2022,1,Timed Entry+Exit,BUY,,AEGISLOG,209.76,3199923.35
2022-01-03,2022,1,Timed HODL,BUY,signal,AEGISLOG,209.76,17261.36
2022-01-06,2022,1,Timed Entry+Exit,SELL,,AEGISLOG,201.31,3067968.78
2022-01-14,2022,1,Timed Entry+Exit,BUY,,AEGISLOG,213.33,3067968.78
2022-01-25,2022,1,Timed Entry+Exit,SELL,,AEGISLOG,190.38,2735147.63
2022-02-04,2022,2,Timed Entry+Exit,BUY,,AEGISLOG,214.22,2752408.99
2022-02-04,2022,2,Timed HODL,BUY,signal,AEGISLOG,214.22,17261.36
2022-02-23,2022,2,Timed Entry+Exit,SELL,,AEGISLOG,186.26,2390813.08
2022-03-21,2022,3,Timed Entry+Exit,BUY,,BANCOINDIA,56.9,1204037.22
2022-03-21,2022,3,Timed Entry+Exit,BUY,,CEMPRO,64.52,1204037.22
2022-03-21,2022,3,Timed HODL,BUY,signal,BANCOINDIA,56.9,8630.68
2022-03-21,2022,3,Timed HODL,BUY,signal,CEMPRO,64.52,8630.68
2022-03-30,2022,3,Timed Entry+Exit,SELL,,BANCOINDIA,53.38,1128410.27
2022-04-01,2022,4,Timed Entry+Exit,BUY,,BANCOINDIA,55.47,1145671.63
2022-04-01,2022,4,Timed HODL,BUY,signal,BANCOINDIA,55.47,17261.36
2022-05-05,2022,5,Timed Entry+Exit,SELL,,CEMPRO,62.01,1156041.6
2022-05-06,2022,5,Timed Entry+Exit,SELL,,BANCOINDIA,51.95,1071877.45
2022-05-19,2022,5,Timed Entry+Exit,BUY,,MPSLTD,501.08,2245180.41
2022-05-19,2022,5,Timed HODL,BUY,signal,MPSLTD,501.08,17261.36
2022-06-01,2022,6,Timed Entry+Exit,BUY,,INDRAMEDCO,55.06,17261.36
2022-06-01,2022,6,Timed HODL,BUY,signal,INDRAMEDCO,55.06,17261.36
2022-06-14,2022,6,Timed Entry+Exit,SELL,,INDRAMEDCO,51.38,16091.62
2022-06-23,2022,6,Timed Entry+Exit,BUY,,MAHABANK,14.12,16091.62
2022-07-04,2022,7,Timed Entry+Exit,BUY,,NMDC,23.29,8630.68
2022-07-04,2022,7,Timed Entry+Exit,BUY,,OBEROIRLTY,749.31,8630.68
2022-07-04,2022,7,Timed HODL,BUY,signal,NMDC,23.29,8630.68
2022-07-04,2022,7,Timed HODL,BUY,signal,OBEROIRLTY,749.31,8630.68
2022-07-21,2022,7,Timed Entry+Exit,SELL,,MPSLTD,683.35,3058774.55
2022-07-26,2022,7,Timed Entry+Exit,BUY,,APARINDS,1006.29,1529387.28
2022-07-26,2022,7,Timed Entry+Exit,BUY,,MPSLTD,698.11,1529387.28
2022-07-27,2022,7,Timed Entry+Exit,SELL,,MPSLTD,686.13,1501634.79
2022-08-22,2022,8,Timed Entry+Exit,SELL,,APARINDS,1178.94,1789991.38
2022-09-01,2022,9,Timed HODL,BUY,fallback,GODFRYPHLP,346.0,2876.89
2022-09-01,2022,9,Timed HODL,BUY,fallback,GOLDIAM,104.31,2876.89
2022-09-01,2022,9,Timed HODL,BUY,fallback,HINDZINC,210.12,2876.89
2022-09-01,2022,9,Timed HODL,BUY,fallback,INDOTECH,177.07,2876.89
2022-09-01,2022,9,Timed HODL,BUY,fallback,KOVAI,1470.89,2876.89
2022-09-01,2022,9,Timed HODL,BUY,fallback,NATIONALUM,64.22,2876.89
2022-09-01,2022,9,Timed HODL,BUY,fallback,NMDC,26.17,2876.89
2022-09-01,2022,9,Timed HODL,BUY,fallback,RAILTEL,97.38,2876.89
2022-09-01,2022,9,Timed HODL,BUY,fallback,RSYSTEMS,206.7,2876.89
2022-09-01,2022,9,Timed HODL,BUY,fallback,SARDAEN,88.22,2876.89
2022-09-01,2022,9,Timed HODL,BUY,fallback,VEDL,169.29,2876.89
2022-09-01,2022,9,Timed HODL,BUY,fallback,VIMTALABS,179.08,2876.89
2022-09-21,2022,9,Timed Entry+Exit,BUY,,KOVAI,1575.76,3337511.06
2022-09-21,2022,9,Timed Entry+Exit,SELL,,OBEROIRLTY,987.45,11362.17
2022-09-23,2022,9,Timed Entry+Exit,SELL,,MAHABANK,16.02,18235.68
2022-09-26,2022,9,Timed Entry+Exit,SELL,,KOVAI,1514.06,3203617.23
2022-10-03,2022,10,Timed Entry+Exit,SELL,,NMDC,26.94,9974.46
2022-10-04,2022,10,Timed Entry+Exit,BUY,,NMDC,27.79,3249088.73
2022-10-04,2022,10,Timed HODL,BUY,signal,NMDC,27.79,17261.36
2022-10-25,2022,10,Timed Entry+Exit,SELL,,NMDC,28.01,3272118.07
2022-11-30,2022,11,Timed HODL,BUY,fallback,ASHIANA,140.96,2465.91
2022-11-30,2022,11,Timed HODL,BUY,fallback,CHENNPETRO,181.77,2465.91
2022-11-30,2022,11,Timed HODL,BUY,fallback,GOLDIAM,97.99,2465.91
2022-11-30,2022,11,Timed HODL,BUY,fallback,INDOTECH,190.33,2465.91
2022-11-30,2022,11,Timed HODL,BUY,fallback,JAMNAAUTO,101.01,2465.91
2022-11-30,2022,11,Timed HODL,BUY,fallback,NATIONALUM,64.82,2465.91
2022-11-30,2022,11,Timed HODL,BUY,fallback,TALBROAUTO,90.41,2465.91
2022-12-02,2022,12,Timed Entry+Exit,BUY,,TALBROAUTO,96.85,3306640.79
2022-12-29,2022,12,Timed HODL,BUY,fallback,ASHIANA,133.28,2157.67
2022-12-29,2022,12,Timed HODL,BUY,fallback,CHENNPETRO,172.13,2157.67
2022-12-29,2022,12,Timed HODL,BUY,fallback,GOLDIAM,99.22,2157.67
2022-12-29,2022,12,Timed HODL,BUY,fallback,INDOTECH,177.42,2157.67
2022-12-29,2022,12,Timed HODL,BUY,fallback,JAMNAAUTO,96.21,2157.67
2022-12-29,2022,12,Timed HODL,BUY,fallback,MAYURUNIQ,401.2,2157.67
2022-12-29,2022,12,Timed HODL,BUY,fallback,NATIONALUM,66.54,2157.67
2022-12-29,2022,12,Timed HODL,BUY,fallback,OBEROIRLTY,832.59,2157.67
2023-01-11,2023,1,Timed Entry+Exit,SELL,,TALBROAUTO,109.16,3723042.69
2023-01-31,2023,1,Timed HODL,BUY,fallback,ASHIANA,138.76,2109.72
2023-01-31,2023,1,Timed HODL,BUY,fallback,CHENNPETRO,209.15,2109.72
2023-01-31,2023,1,Timed HODL,BUY,fallback,JAMNAAUTO,97.61,2109.72
2023-01-31,2023,1,Timed HODL,BUY,fallback,MAYURUNIQ,406.13,2109.72
2023-01-31,2023,1,Timed HODL,BUY,fallback,MONARCH,144.31,2109.72
2023-01-31,2023,1,Timed HODL,BUY,fallback,OBEROIRLTY,804.89,2109.72
2023-01-31,2023,1,Timed HODL,BUY,fallback,SIYSIL,471.08,2109.72
2023-01-31,2023,1,Timed HODL,BUY,fallback,SOTL,260.48,2109.72
2023-01-31,2023,1,Timed HODL,BUY,fallback,VIMTALABS,175.81,2109.72
2023-03-01,2023,3,Timed HODL,BUY,fallback,ASHIANA,141.45,3164.58
2023-03-01,2023,3,Timed HODL,BUY,fallback,CEMPRO,98.17,3164.58
2023-03-01,2023,3,Timed HODL,BUY,fallback,CHENNPETRO,199.42,3164.58
2023-03-01,2023,3,Timed HODL,BUY,fallback,HINDCOPPER,100.63,3164.58
2023-03-01,2023,3,Timed HODL,BUY,fallback,INDOTECH,183.46,3164.58
2023-03-01,2023,3,Timed HODL,BUY,fallback,JAMNAAUTO,94.48,3164.58
2023-03-01,2023,3,Timed HODL,BUY,fallback,MONARCH,111.26,3164.58
2023-03-01,2023,3,Timed HODL,BUY,fallback,OBEROIRLTY,851.56,3164.58
2023-03-01,2023,3,Timed HODL,BUY,fallback,SIYSIL,430.29,3164.58
2023-03-01,2023,3,Timed HODL,BUY,fallback,SOTL,241.1,3164.58
2023-03-01,2023,3,Timed HODL,BUY,fallback,TALBROAUTO,85.53,3164.58
2023-03-01,2023,3,Timed HODL,BUY,fallback,VIMTALABS,151.81,3164.58
2023-03-03,2023,3,Timed Entry+Exit,BUY,,MONARCH,123.64,3780005.16
2023-04-03,2023,4,Timed Entry+Exit,BUY,,TALBROAUTO,84.11,18987.49
2023-04-03,2023,4,Timed HODL,BUY,signal,TALBROAUTO,84.11,18987.49
2023-05-30,2023,5,Timed HODL,BUY,fallback,GOKULAGRO,50.17,2712.5
2023-05-30,2023,5,Timed HODL,BUY,fallback,GOLDIAM,96.76,2712.5
2023-05-30,2023,5,Timed HODL,BUY,fallback,JAMNAAUTO,92.95,2712.5
2023-05-30,2023,5,Timed HODL,BUY,fallback,MONARCH,100.1,2712.5
2023-05-30,2023,5,Timed HODL,BUY,fallback,NMDC,30.87,2712.5
2023-05-30,2023,5,Timed HODL,BUY,fallback,SIRCA,294.68,2712.5
2023-05-30,2023,5,Timed HODL,BUY,fallback,SOTL,269.79,2712.5
2023-06-09,2023,6,Timed Entry+Exit,BUY,,SIYSIL,510.11,37974.98
2023-06-22,2023,6,Timed Entry+Exit,SELL,,SIYSIL,502.28,37355.18
2023-06-30,2023,6,Timed HODL,BUY,fallback,AEGISLOG,310.92,2712.5
2023-06-30,2023,6,Timed HODL,BUY,fallback,GODFRYPHLP,528.06,2712.5
2023-06-30,2023,6,Timed HODL,BUY,fallback,GOKULAGRO,53.65,2712.5
2023-06-30,2023,6,Timed HODL,BUY,fallback,GOLDIAM,95.3,2712.5
2023-06-30,2023,6,Timed HODL,BUY,fallback,JAMNAAUTO,95.0,2712.5
2023-06-30,2023,6,Timed HODL,BUY,fallback,MONARCH,120.35,2712.5
2023-06-30,2023,6,Timed HODL,BUY,fallback,NMDC,30.14,2712.5
2023-07-31,2023,7,Timed HODL,BUY,fallback,GOLDIAM,93.9,18987.49
2023-08-04,2023,8,Timed Entry+Exit,SELL,,TALBROAUTO,171.24,38616.78
2023-08-16,2023,8,Timed Entry+Exit,SELL,,MONARCH,158.15,4830093.53
2023-08-30,2023,8,Timed HODL,BUY,fallback,GOKULAGRO,55.17,6329.16
2023-08-30,2023,8,Timed HODL,BUY,fallback,GOLDIAM,93.54,6329.16
2023-08-30,2023,8,Timed HODL,BUY,fallback,VEDL,192.39,6329.16
2023-09-05,2023,9,Timed Entry+Exit,BUY,,VEDL,196.37,4963027.96
2023-09-05,2023,9,Timed HODL,BUY,signal,VEDL,196.37,18987.49
2023-09-22,2023,9,Timed Entry+Exit,SELL,,VEDL,183.07,4622258.64
2023-10-09,2023,10,Timed Entry+Exit,BUY,,VEDL,178.11,4641246.13
2023-10-09,2023,10,Timed HODL,BUY,signal,VEDL,178.11,18987.49
2023-10-27,2023,10,Timed Entry+Exit,SELL,,VEDL,175.55,4569900.61
2023-11-01,2023,11,Timed Entry+Exit,BUY,,VEDL,182.02,4588888.1
2023-11-01,2023,11,Timed HODL,BUY,signal,VEDL,182.02,18987.49
2024-01-01,2024,1,Timed HODL,BUY,fallback,AEGISLOG,340.81,19936.87
2024-01-01,2024,1,Timed HODL,BUY,fallback,VIMTALABS,200.7,19936.87
2024-01-16,2024,1,Timed Entry+Exit,BUY,,AEGISLOG,358.99,39873.73
2024-01-23,2024,1,Timed Entry+Exit,SELL,,VEDL,214.12,5392851.85
2024-02-09,2024,2,Timed Entry+Exit,SELL,,AEGISLOG,364.5,40445.12
2024-02-29,2024,2,Timed HODL,BUY,fallback,GOKULAGRO,56.8,3481.04
2024-02-29,2024,2,Timed HODL,BUY,fallback,HINDZINC,279.47,3481.04
2024-02-29,2024,2,Timed HODL,BUY,fallback,MAYURUNIQ,493.77,3481.04
2024-02-29,2024,2,Timed HODL,BUY,fallback,SBCL,532.42,3481.04
2024-02-29,2024,2,Timed HODL,BUY,fallback,SIRCA,342.65,3481.04
2024-02-29,2024,2,Timed HODL,BUY,fallback,SIYSIL,476.81,3481.04
2024-03-26,2024,3,Timed Entry+Exit,BUY,,GOKULAGRO,54.33,2737534.72
2024-03-26,2024,3,Timed Entry+Exit,BUY,,SBCL,521.12,2737534.72
2024-03-26,2024,3,Timed HODL,BUY,signal,GOKULAGRO,54.33,10443.12
2024-03-26,2024,3,Timed HODL,BUY,signal,SBCL,521.12,10443.12
2024-03-28,2024,3,Timed Entry+Exit,SELL,,SBCL,512.63,2690250.25
2024-04-01,2024,4,Timed Entry+Exit,BUY,,SBCL,531.93,2711136.49
2024-04-01,2024,4,Timed HODL,BUY,signal,SBCL,531.93,20886.24
2024-05-08,2024,5,Timed Entry+Exit,SELL,,SBCL,552.41,2812713.14
2024-05-10,2024,5,Timed Entry+Exit,BUY,,SIRCA,313.27,2833599.38
2024-05-10,2024,5,Timed HODL,BUY,signal,SIRCA,313.27,20886.24
2024-05-27,2024,5,Timed Entry+Exit,SELL,,GOKULAGRO,70.2,3533968.66
2024-05-28,2024,5,Timed Entry+Exit,BUY,,GOKULAGRO,78.47,3533968.66
2024-06-04,2024,6,Timed Entry+Exit,SELL,,GOKULAGRO,68.18,3067059.84
2024-06-05,2024,6,Timed Entry+Exit,SELL,,SIRCA,307.5,2778568.47
2024-06-06,2024,6,Timed Entry+Exit,BUY,,MAYURUNIQ,545.46,5866514.56
2024-06-07,2024,6,Timed HODL,BUY,signal,RSYSTEMS,432.97,10443.12
2024-06-07,2024,6,Timed HODL,BUY,signal,SIRCA,319.05,10443.12
2024-07-10,2024,7,Timed Entry+Exit,SELL,,MAYURUNIQ,624.4,6708855.03
2024-07-30,2024,7,Timed Entry+Exit,BUY,,SIYSIL,504.96,6729741.27
2024-07-30,2024,7,Timed HODL,BUY,fallback,AEGISLOG,866.83,509.42
2024-07-30,2024,7,Timed HODL,BUY,fallback,APARINDS,8969.87,509.42
2024-07-30,2024,7,Timed HODL,BUY,fallback,ASHIANA,392.8,509.42
2024-07-30,2024,7,Timed HODL,BUY,fallback,BANCOINDIA,359.96,509.42
2024-07-30,2024,7,Timed HODL,BUY,fallback,BLS,352.37,509.42
2024-07-30,2024,7,Timed HODL,BUY,fallback,CEMPRO,520.16,509.42
2024-07-30,2024,7,Timed HODL,BUY,fallback,CHENNPETRO,965.71,509.42
2024-07-30,2024,7,Timed HODL,BUY,fallback,DYCL,298.32,509.42
2024-07-30,2024,7,Timed HODL,BUY,fallback,FIEMIND,1327.45,509.42
2024-07-30,2024,7,Timed HODL,BUY,fallback,GESHIP,1288.54,509.42
2024-07-30,2024,7,Timed HODL,BUY,fallback,GODFRYPHLP,1355.98,509.42
2024-07-30,2024,7,Timed HODL,BUY,fallback,GOKULAGRO,91.61,509.42
2024-07-30,2024,7,Timed HODL,BUY,fallback,GOLDIAM,140.6,509.42
2024-07-30,2024,7,Timed HODL,BUY,fallback,HBLENGINE,622.63,509.42
2024-07-30,2024,7,Timed HODL,BUY,fallback,HINDCOPPER,314.06,509.42
2024-07-30,2024,7,Timed HODL,BUY,fallback,HINDZINC,595.66,509.42
2024-07-30,2024,7,Timed HODL,BUY,fallback,INDOTECH,2020.35,509.42
2024-07-30,2024,7,Timed HODL,BUY,fallback,INDRAMEDCO,263.44,509.42
2024-07-30,2024,7,Timed HODL,BUY,fallback,JAMNAAUTO,132.26,509.42
2024-07-30,2024,7,Timed HODL,BUY,fallback,KOVAI,2570.22,509.42
2024-07-30,2024,7,Timed HODL,BUY,fallback,MAHABANK,63.7,509.42
2024-07-30,2024,7,Timed HODL,BUY,fallback,MAYURUNIQ,620.73,509.42
2024-07-30,2024,7,Timed HODL,BUY,fallback,MONARCH,332.08,509.42
2024-07-30,2024,7,Timed HODL,BUY,fallback,MPSLTD,2020.19,509.42
2024-07-30,2024,7,Timed HODL,BUY,fallback,NATIONALUM,174.04,509.42
2024-07-30,2024,7,Timed HODL,BUY,fallback,NMDC,73.43,509.42
2024-07-30,2024,7,Timed HODL,BUY,fallback,OBEROIRLTY,1808.15,509.42
2024-07-30,2024,7,Timed HODL,BUY,fallback,ORIANA,2097.05,509.42
2024-07-30,2024,7,Timed HODL,BUY,fallback,POLYCAB,6613.19,509.42
2024-07-30,2024,7,Timed HODL,BUY,fallback,PRUDENT,2380.81,509.42
2024-07-30,2024,7,Timed HODL,BUY,fallback,RAILTEL,499.27,509.42
2024-07-30,2024,7,Timed HODL,BUY,fallback,RSYSTEMS,447.89,509.42
2024-07-30,2024,7,Timed HODL,BUY,fallback,SARDAEN,275.31,509.42
2024-07-30,2024,7,Timed HODL,BUY,fallback,SBCL,650.52,509.42
2024-07-30,2024,7,Timed HODL,BUY,fallback,SIRCA,361.12,509.42
2024-07-30,2024,7,Timed HODL,BUY,fallback,SIYSIL,504.96,509.42
2024-07-30,2024,7,Timed HODL,BUY,fallback,SOTL,620.58,509.42
2024-07-30,2024,7,Timed HODL,BUY,fallback,TALBROAUTO,365.07,509.42
2024-07-30,2024,7,Timed HODL,BUY,fallback,USHAMART,367.66,509.42
2024-07-30,2024,7,Timed HODL,BUY,fallback,VEDL,388.8,509.42
2024-07-30,2024,7,Timed HODL,BUY,fallback,VIMTALABS,276.91,509.42
2024-08-05,2024,8,Timed Entry+Exit,SELL,,SIYSIL,451.21,6007338.2
2024-08-29,2024,8,Timed HODL,BUY,fallback,NMDC,67.66,4177.25
2024-08-29,2024,8,Timed HODL,BUY,fallback,SBCL,545.15,4177.25
2024-08-29,2024,8,Timed HODL,BUY,fallback,SIRCA,327.36,4177.25
2024-08-29,2024,8,Timed HODL,BUY,fallback,SIYSIL,461.94,4177.25
2024-08-29,2024,8,Timed HODL,BUY,fallback,USHAMART,331.73,4177.25
2024-09-30,2024,9,Timed HODL,BUY,fallback,ASHIANA,323.19,4177.25
2024-09-30,2024,9,Timed HODL,BUY,fallback,JAMNAAUTO,113.06,4177.25
2024-09-30,2024,9,Timed HODL,BUY,fallback,RSYSTEMS,441.37,4177.25
2024-09-30,2024,9,Timed HODL,BUY,fallback,SIRCA,334.6,4177.25
2024-09-30,2024,9,Timed HODL,BUY,fallback,SIYSIL,459.68,4177.25
2024-10-30,2024,10,Timed HODL,BUY,fallback,ASHIANA,307.09,2320.69
2024-10-30,2024,10,Timed HODL,BUY,fallback,CHENNPETRO,609.97,2320.69
2024-10-30,2024,10,Timed HODL,BUY,fallback,HINDCOPPER,288.64,2320.69
2024-10-30,2024,10,Timed HODL,BUY,fallback,JAMNAAUTO,106.01,2320.69
2024-10-30,2024,10,Timed HODL,BUY,fallback,MAHABANK,52.09,2320.69
2024-10-30,2024,10,Timed HODL,BUY,fallback,NMDC,68.23,2320.69
2024-10-30,2024,10,Timed HODL,BUY,fallback,RAILTEL,410.75,2320.69
2024-10-30,2024,10,Timed HODL,BUY,fallback,RSYSTEMS,441.14,2320.69
2024-10-30,2024,10,Timed HODL,BUY,fallback,SIRCA,335.74,2320.69
2024-11-01,2024,11,Timed Entry+Exit,BUY,,MAHABANK,52.18,6090883.16
2024-11-01,2024,11,Timed HODL,BUY,signal,MAHABANK,52.18,20886.24
2024-11-18,2024,11,Timed Entry+Exit,SELL,,MAHABANK,48.75,5685216.04
2024-11-25,2024,11,Timed Entry+Exit,BUY,,MAHABANK,51.1,5685216.04
2024-12-02,2024,12,Timed Entry+Exit,BUY,,JAMNAAUTO,102.32,20886.24
2024-12-02,2024,12,Timed HODL,BUY,signal,JAMNAAUTO,102.32,20886.24
2024-12-19,2024,12,Timed Entry+Exit,SELL,,JAMNAAUTO,96.21,19619.85
2024-12-19,2024,12,Timed Entry+Exit,SELL,,MAHABANK,49.97,5553973.03
2025-01-02,2025,1,Timed Entry+Exit,BUY,,JAMNAAUTO,100.48,5596567.74
2025-01-02,2025,1,Timed HODL,BUY,signal,JAMNAAUTO,100.48,22974.86
2025-01-13,2025,1,Timed Entry+Exit,SELL,,JAMNAAUTO,85.76,4772072.29
2025-01-21,2025,1,Timed Entry+Exit,BUY,,HINDCOPPER,241.18,2386036.15
2025-01-21,2025,1,Timed Entry+Exit,BUY,,MAHABANK,48.34,2386036.15
2025-01-24,2025,1,Timed Entry+Exit,SELL,,MAHABANK,46.74,2304737.96
2025-02-01,2025,2,Timed Entry+Exit,BUY,,JAMNAAUTO,90.7,1163856.41
2025-02-01,2025,2,Timed Entry+Exit,BUY,,MAHABANK,47.47,1163856.41
2025-02-01,2025,2,Timed HODL,BUY,signal,JAMNAAUTO,90.7,11487.43
2025-02-01,2025,2,Timed HODL,BUY,signal,MAHABANK,47.47,11487.43
2025-02-11,2025,2,Timed Entry+Exit,SELL,,MAHABANK,45.27,1108742.95
2025-02-13,2025,2,Timed Entry+Exit,SELL,,JAMNAAUTO,81.06,1039042.13
2025-02-17,2025,2,Timed Entry+Exit,SELL,,HINDCOPPER,213.07,2105902.71
2025-02-19,2025,2,Timed Entry+Exit,BUY,,NMDC,59.28,4253687.79
2025-03-04,2025,3,Timed Entry+Exit,BUY,,USHAMART,307.27,22974.86
2025-03-04,2025,3,Timed HODL,BUY,signal,USHAMART,307.27,22974.86
2025-04-02,2025,4,Timed Entry+Exit,BUY,,SIRCA,255.91,22974.86
2025-04-02,2025,4,Timed HODL,BUY,signal,SIRCA,255.91,22974.86
2025-04-07,2025,4,Timed Entry+Exit,SELL,,NMDC,57.89,4149364.71
2025-04-08,2025,4,Timed Entry+Exit,SELL,,USHAMART,295.35,22061.92
2025-04-15,2025,4,Timed Entry+Exit,BUY,,APARINDS,5008.85,1390475.54
2025-04-15,2025,4,Timed Entry+Exit,BUY,,MAHABANK,43.33,1390475.54
2025-04-15,2025,4,Timed Entry+Exit,BUY,,RSYSTEMS,318.2,1390475.54
2025-05-06,2025,5,Timed Entry+Exit,BUY,,ASHIANA,264.03,22974.86
2025-05-06,2025,5,Timed HODL,BUY,signal,ASHIANA,264.03,22974.86
2025-05-08,2025,5,Timed Entry+Exit,SELL,,ASHIANA,248.91,21637.17
2025-05-08,2025,5,Timed Entry+Exit,BUY,,MAYURUNIQ,456.47,21637.17
2025-05-09,2025,5,Timed Entry+Exit,SELL,,SIRCA,258.18,23155.61
2025-05-12,2025,5,Timed Entry+Exit,BUY,,ASHIANA,265.27,4631.12
2025-05-12,2025,5,Timed Entry+Exit,BUY,,GESHIP,872.78,4631.12
2025-05-12,2025,5,Timed Entry+Exit,BUY,,HINDCOPPER,222.7,4631.12
2025-05-12,2025,5,Timed Entry+Exit,BUY,,OBEROIRLTY,1608.04,4631.12
2025-05-12,2025,5,Timed Entry+Exit,BUY,,USHAMART,305.69,4631.12
2025-06-04,2025,6,Timed Entry+Exit,SELL,,USHAMART,302.44,4577.31
2025-06-16,2025,6,Timed Entry+Exit,SELL,,MAYURUNIQ,566.15,26809.32
2025-06-18,2025,6,Timed Entry+Exit,SELL,,MAHABANK,52.86,1694530.98
2025-06-19,2025,6,Timed Entry+Exit,SELL,,APARINDS,7689.12,2132394.92
2025-06-20,2025,6,Timed Entry+Exit,SELL,,GESHIP,926.07,4908.94
2025-06-20,2025,6,Timed Entry+Exit,SELL,,HINDCOPPER,246.06,5111.84
2025-06-24,2025,6,Timed Entry+Exit,BUY,,POLYCAB,6313.54,3891308.17
2025-06-26,2025,6,Timed HODL,BUY,signal,SBCL,521.78,11487.43
2025-06-26,2025,6,Timed HODL,BUY,signal,SOTL,410.3,11487.43
2025-07-01,2025,7,Timed Entry+Exit,BUY,,MAHABANK,56.59,22974.86
2025-07-03,2025,7,Timed Entry+Exit,SELL,,ASHIANA,335.3,5847.98
2025-07-03,2025,7,Timed Entry+Exit,SELL,,OBEROIRLTY,1859.83,5350.91
2025-07-03,2025,7,Timed Entry+Exit,BUY,,TALBROAUTO,300.64,11198.89
2025-07-08,2025,7,Timed Entry+Exit,BUY,,SIRCA,408.3,10904.07
2025-07-08,2025,7,Timed Entry+Exit,SELL,,TALBROAUTO,293.01,10904.07
2025-07-09,2025,7,Timed Entry+Exit,SELL,,RSYSTEMS,429.14,1873384.7
2025-07-14,2025,7,Timed Entry+Exit,SELL,,MAHABANK,54.41,22066.56
2025-07-23,2025,7,Timed Entry+Exit,SELL,,SIRCA,415.04,11073.11
2025-07-28,2025,7,Timed Entry+Exit,SELL,,POLYCAB,6805.21,4190151.42
2025-07-29,2025,7,Timed HODL,BUY,fallback,AEGISLOG,721.21,1435.93
2025-07-29,2025,7,Timed HODL,BUY,fallback,BLS,368.23,1435.93
2025-07-29,2025,7,Timed HODL,BUY,fallback,CEIGALL,258.56,1435.93
2025-07-29,2025,7,Timed HODL,BUY,fallback,GESHIP,921.54,1435.93
2025-07-29,2025,7,Timed HODL,BUY,fallback,GOLDIAM,249.17,1435.93
2025-07-29,2025,7,Timed HODL,BUY,fallback,HINDZINC,429.55,1435.93
2025-07-29,2025,7,Timed HODL,BUY,fallback,INDOTECH,1764.36,1435.93
2025-07-29,2025,7,Timed HODL,BUY,fallback,MONARCH,358.5,1435.93
2025-07-29,2025,7,Timed HODL,BUY,fallback,MPSLTD,2223.27,1435.93
2025-07-29,2025,7,Timed HODL,BUY,fallback,NATIONALUM,181.02,1435.93
2025-07-29,2025,7,Timed HODL,BUY,fallback,OBEROIRLTY,1656.75,1435.93
2025-07-29,2025,7,Timed HODL,BUY,fallback,SARDAEN,443.23,1435.93
2025-07-29,2025,7,Timed HODL,BUY,fallback,SBCL,517.72,1435.93
2025-07-29,2025,7,Timed HODL,BUY,fallback,SIYSIL,660.38,1435.93
2025-07-29,2025,7,Timed HODL,BUY,fallback,SOTL,399.33,1435.93
2025-07-29,2025,7,Timed HODL,BUY,fallback,TALBROAUTO,280.16,1435.93
2025-08-29,2025,8,Timed HODL,BUY,fallback,AEGISLOG,668.59,1044.31
2025-08-29,2025,8,Timed HODL,BUY,fallback,APARINDS,7705.25,1044.31
2025-08-29,2025,8,Timed HODL,BUY,fallback,ASHIANA,307.38,1044.31
2025-08-29,2025,8,Timed HODL,BUY,fallback,BLS,362.3,1044.31
2025-08-29,2025,8,Timed HODL,BUY,fallback,CEIGALL,244.92,1044.31
2025-08-29,2025,8,Timed HODL,BUY,fallback,GESHIP,898.92,1044.31
2025-08-29,2025,8,Timed HODL,BUY,fallback,GOLDIAM,269.71,1044.31
2025-08-29,2025,8,Timed HODL,BUY,fallback,HINDCOPPER,227.49,1044.31
2025-08-29,2025,8,Timed HODL,BUY,fallback,HINDZINC,411.73,1044.31
2025-08-29,2025,8,Timed HODL,BUY,fallback,INDOTECH,1725.28,1044.31
2025-08-29,2025,8,Timed HODL,BUY,fallback,INDRAMEDCO,430.11,1044.31
2025-08-29,2025,8,Timed HODL,BUY,fallback,MAYURUNIQ,519.4,1044.31
2025-08-29,2025,8,Timed HODL,BUY,fallback,MONARCH,315.34,1044.31
2025-08-29,2025,8,Timed HODL,BUY,fallback,MPSLTD,2150.2,1044.31
2025-08-29,2025,8,Timed HODL,BUY,fallback,NATIONALUM,177.68,1044.31
2025-08-29,2025,8,Timed HODL,BUY,fallback,OBEROIRLTY,1603.01,1044.31
2025-08-29,2025,8,Timed HODL,BUY,fallback,RAILTEL,324.75,1044.31
2025-08-29,2025,8,Timed HODL,BUY,fallback,SBCL,483.03,1044.31
2025-08-29,2025,8,Timed HODL,BUY,fallback,SIYSIL,599.13,1044.31
2025-08-29,2025,8,Timed HODL,BUY,fallback,SOTL,401.94,1044.31
2025-08-29,2025,8,Timed HODL,BUY,fallback,TALBROAUTO,258.59,1044.31
2025-08-29,2025,8,Timed HODL,BUY,fallback,VEDL,413.74,1044.31
2025-09-09,2025,9,Timed Entry+Exit,BUY,,AEGISLOG,698.28,6142625.52
2025-09-09,2025,9,Timed HODL,BUY,signal,AEGISLOG,698.28,22974.86
2025-10-24,2025,10,Timed Entry+Exit,SELL,,AEGISLOG,778.45,6841045.37
2025-10-31,2025,10,Timed HODL,BUY,fallback,AEGISLOG,746.17,2297.49
2025-10-31,2025,10,Timed HODL,BUY,fallback,ASHIANA,280.26,2297.49
2025-10-31,2025,10,Timed HODL,BUY,fallback,BLS,311.67,2297.49
2025-10-31,2025,10,Timed HODL,BUY,fallback,CEIGALL,251.17,2297.49
2025-10-31,2025,10,Timed HODL,BUY,fallback,GOLDIAM,266.73,2297.49
2025-10-31,2025,10,Timed HODL,BUY,fallback,INDOTECH,1676.82,2297.49
2025-10-31,2025,10,Timed HODL,BUY,fallback,MONARCH,307.31,2297.49
2025-10-31,2025,10,Timed HODL,BUY,fallback,MPSLTD,2172.8,2297.49
2025-10-31,2025,10,Timed HODL,BUY,fallback,SBCL,477.01,2297.49
2025-10-31,2025,10,Timed HODL,BUY,fallback,SOTL,392.38,2297.49
2025-11-04,2025,11,Timed Entry+Exit,BUY,,BLS,318.95,6886995.09
2025-11-04,2025,11,Timed HODL,BUY,signal,BLS,318.95,22974.86
2025-12-15,2025,12,Timed Entry+Exit,BUY,,SOTL,370.19,22974.86
2025-12-15,2025,12,Timed HODL,BUY,signal,SOTL,370.19,22974.86
2025-12-17,2025,12,Timed Entry+Exit,SELL,,BLS,309.0,6665341.43
2025-12-19,2025,12,Timed Entry+Exit,BUY,,BLS,322.27,3343686.58
2025-12-19,2025,12,Timed Entry+Exit,BUY,,CEIGALL,243.54,3343686.58
2025-12-19,2025,12,Timed Entry+Exit,SELL,,SOTL,355.35,22031.73
2026-01-06,2026,1,Timed Entry+Exit,SELL,,BLS,309.94,3212501.99
2026-01-30,2026,1,Timed Entry+Exit,SELL,,CEIGALL,269.79,3700459.42
2026-01-30,2026,1,Timed HODL,BUY,fallback,AEGISLOG,726.63,902.58
2026-01-30,2026,1,Timed HODL,BUY,fallback,APARINDS,7966.34,902.58
2026-01-30,2026,1,Timed HODL,BUY,fallback,ASHIANA,293.52,902.58
2026-01-30,2026,1,Timed HODL,BUY,fallback,BANCOINDIA,577.9,902.58
2026-01-30,2026,1,Timed HODL,BUY,fallback,BLS,255.05,902.58
2026-01-30,2026,1,Timed HODL,BUY,fallback,CEMPRO,637.82,902.58
2026-01-30,2026,1,Timed HODL,BUY,fallback,DYCL,292.49,902.58
2026-01-30,2026,1,Timed HODL,BUY,fallback,GODFRYPHLP,2006.15,902.58
2026-01-30,2026,1,Timed HODL,BUY,fallback,GOKULAGRO,161.93,902.58
2026-01-30,2026,1,Timed HODL,BUY,fallback,GOLDIAM,231.72,902.58
2026-01-30,2026,1,Timed HODL,BUY,fallback,IKS,1551.9,902.58
2026-01-30,2026,1,Timed HODL,BUY,fallback,INDOTECH,1330.95,902.58
2026-01-30,2026,1,Timed HODL,BUY,fallback,INDRAMEDCO,359.16,902.58
2026-01-30,2026,1,Timed HODL,BUY,fallback,MAYURUNIQ,508.29,902.58
2026-01-30,2026,1,Timed HODL,BUY,fallback,MONARCH,297.49,902.58
2026-01-30,2026,1,Timed HODL,BUY,fallback,MPSLTD,1868.9,902.58
2026-01-30,2026,1,Timed HODL,BUY,fallback,OBEROIRLTY,1487.45,902.58
2026-01-30,2026,1,Timed HODL,BUY,fallback,ORIANA,1561.85,902.58
2026-01-30,2026,1,Timed HODL,BUY,fallback,PRUDENT,2393.97,902.58
2026-01-30,2026,1,Timed HODL,BUY,fallback,RAILTEL,350.63,902.58
2026-01-30,2026,1,Timed HODL,BUY,fallback,RSYSTEMS,361.26,902.58
2026-01-30,2026,1,Timed HODL,BUY,fallback,SARDAEN,487.93,902.58
2026-01-30,2026,1,Timed HODL,BUY,fallback,SBCL,422.58,902.58
2026-01-30,2026,1,Timed HODL,BUY,fallback,SIYSIL,510.62,902.58
2026-01-30,2026,1,Timed HODL,BUY,fallback,SOTL,346.32,902.58
2026-01-30,2026,1,Timed HODL,BUY,fallback,TALBROAUTO,256.46,902.58
2026-01-30,2026,1,Timed HODL,BUY,fallback,VIMTALABS,409.54,902.58
2026-01-30,2026,1,Timed HODL,BUY,fallback,WAAREEENER,2785.31,902.58
2026-02-02,2026,2,Timed Entry+Exit,BUY,,AEGISLOG,698.93,3481753.05
2026-02-02,2026,2,Timed Entry+Exit,BUY,,MPSLTD,1905.8,3481753.05
2026-02-02,2026,2,Timed HODL,BUY,signal,AEGISLOG,698.93,12636.18
2026-02-02,2026,2,Timed HODL,BUY,signal,MPSLTD,1905.8,12636.18
2026-02-05,2026,2,Timed Entry+Exit,BUY,,CEIGALL,288.02,1006055.17
2026-02-05,2026,2,Timed Entry+Exit,BUY,,INDRAMEDCO,379.28,1006055.17
2026-02-05,2026,2,Timed Entry+Exit,SELL,,MPSLTD,1653.7,3018165.5
2026-02-05,2026,2,Timed Entry+Exit,BUY,,SIYSIL,558.41,1006055.17
2026-02-23,2026,2,Timed Entry+Exit,SELL,,CEIGALL,286.37,999299.49
2026-02-26,2026,2,Timed Entry+Exit,BUY,,OBEROIRLTY,1540.83,999299.49
2026-02-27,2026,2,Timed Entry+Exit,SELL,,SIYSIL,523.68,942544.39
2026-03-02,2026,3,Timed Entry+Exit,SELL,,OBEROIRLTY,1487.25,963589.01
2026-03-04,2026,3,Timed Entry+Exit,SELL,,AEGISLOG,643.92,3204525.52
2026-03-11,2026,3,Timed Entry+Exit,BUY,,DYCL,285.15,2567965.64
2026-03-11,2026,3,Timed Entry+Exit,BUY,,GODFRYPHLP,2092.2,2567965.64
2026-03-11,2026,3,Timed HODL,BUY,signal,DYCL,285.15,12636.17
2026-03-11,2026,3,Timed HODL,BUY,signal,GODFRYPHLP,2092.2,12636.17
2026-03-16,2026,3,Timed Entry+Exit,SELL,,DYCL,267.68,2408177.91
2026-03-16,2026,3,Timed Entry+Exit,BUY,,MPSLTD,1498.7,2408177.91
2026-03-23,2026,3,Timed Entry+Exit,SELL,,GODFRYPHLP,1817.42,2228469.89
2026-03-24,2026,3,Timed Entry+Exit,BUY,,CEMPRO,537.23,2228469.89
2026-04-02,2026,4,Timed Entry+Exit,BUY,,IKS,1342.9,25272.35
2026-04-02,2026,4,Timed HODL,BUY,signal,IKS,1342.9,25272.35
2026-05-19,2026,5,Timed Entry+Exit,BUY,,SBCL,631.89,25272.35
2026-05-22,2026,5,Timed Entry+Exit,BUY,,AEGISLOG,720.61,29815.59
2026-05-22,2026,5,Timed Entry+Exit,SELL,,IKS,1585.9,29815.59
2026-05-29,2026,5,Timed HODL,BUY,signal,VEDL,352.6,25272.35
2026-06-10,2026,6,Timed Entry+Exit,SELL,,SBCL,713.07,28490.95
2026-06-11,2026,6,Timed Entry+Exit,SELL,,MPSLTD,1766.9,2836296.03
2026-06-15,2026,6,Timed Entry+Exit,BUY,,PRUDENT,3000.03,1445029.67
2026-06-15,2026,6,Timed Entry+Exit,BUY,,TALBROAUTO,364.32,1445029.67
2026-06-17,2026,6,Timed Entry+Exit,BUY,,RSYSTEMS,259.03,1418259.26
2026-06-17,2026,6,Timed Entry+Exit,SELL,,TALBROAUTO,357.93,1418259.26
2026-06-17,2026,6,Timed HODL,BUY,signal,RSYSTEMS,259.03,25272.35
2026-06-18,2026,6,Timed Entry+Exit,SELL,,INDRAMEDCO,375.62,995352.84
2026-06-18,2026,6,Timed Entry+Exit,BUY,,OBEROIRLTY,1692.37,995352.84
2026-06-26,2026,6,Timed Entry+Exit,SELL,,RSYSTEMS,242.47,1326246.74
2026-07-08,2026,7,Timed Entry+Exit,SELL,,PRUDENT,2913.33,1401869.1
2026-07-23,2026,7,Timed Entry+Exit,SELL,,OBEROIRLTY,1818.1,1068231.15
2026-07-24,2026,7,Timed Entry+Exit,SELL,,CEMPRO,1441.0,5971454.32
2026-07-27,2026,7,Timed Entry+Exit,SELL,,AEGISLOG,1291.3,53374.75
2026-07-29,2026,7,Timed HODL,BUY,fallback,BANCOINDIA,619.85,1944.03
2026-07-29,2026,7,Timed HODL,BUY,fallback,BLS,241.37,1944.03
2026-07-29,2026,7,Timed HODL,BUY,fallback,GODFRYPHLP,2046.07,1944.03
2026-07-29,2026,7,Timed HODL,BUY,fallback,HBLENGINE,707.07,1944.03
2026-07-29,2026,7,Timed HODL,BUY,fallback,HINDCOPPER,481.62,1944.03
2026-07-29,2026,7,Timed HODL,BUY,fallback,HINDZINC,536.7,1944.03
2026-07-29,2026,7,Timed HODL,BUY,fallback,INDRAMEDCO,358.71,1944.03
2026-07-29,2026,7,Timed HODL,BUY,fallback,ORIANA,1359.5,1944.03
2026-07-29,2026,7,Timed HODL,BUY,fallback,RAILTEL,292.22,1944.03
2026-07-29,2026,7,Timed HODL,BUY,fallback,RSYSTEMS,256.64,1944.03
2026-07-29,2026,7,Timed HODL,BUY,fallback,SIRCA,400.52,1944.03
2026-07-29,2026,7,Timed HODL,BUY,fallback,VEDL,264.5,1944.03
2026-07-29,2026,7,Timed HODL,BUY,fallback,WAAREEENER,2734.05,1944.03
2026-08-27,2026,8,Timed HODL,BUY,fallback,BANCOINDIA,615.7,1684.82
2026-08-27,2026,8,Timed HODL,BUY,fallback,BLS,237.55,1684.82
2026-08-27,2026,8,Timed HODL,BUY,fallback,FIEMIND,2067.2,1684.82
2026-08-27,2026,8,Timed HODL,BUY,fallback,GODFRYPHLP,2115.0,1684.82
2026-08-27,2026,8,Timed HODL,BUY,fallback,HBLENGINE,664.83,1684.82
2026-08-27,2026,8,Timed HODL,BUY,fallback,INDRAMEDCO,365.24,1684.82
2026-08-27,2026,8,Timed HODL,BUY,fallback,JAMNAAUTO,118.49,1684.82
2026-08-27,2026,8,Timed HODL,BUY,fallback,ORIANA,1301.9,1684.82
2026-08-27,2026,8,Timed HODL,BUY,fallback,RAILTEL,279.05,1684.82
2026-08-27,2026,8,Timed HODL,BUY,fallback,RSYSTEMS,232.27,1684.82
2026-08-27,2026,8,Timed HODL,BUY,fallback,SARDAEN,509.6,1684.82
2026-08-27,2026,8,Timed HODL,BUY,fallback,SIRCA,435.1,1684.82
2026-08-27,2026,8,Timed HODL,BUY,fallback,SIYSIL,564.8,1684.82
2026-08-27,2026,8,Timed HODL,BUY,fallback,VEDL,281.0,1684.82
2026-08-27,2026,8,Timed HODL,BUY,fallback,WAAREEENER,2621.94,1684.82
2026-09-23,2026,9,Timed Entry+Exit,BUY,,RAILTEL,268.75,9896993.11
2026-09-23,2026,9,Timed HODL,BUY,signal,RAILTEL,268.75,25272.35
2026-10-05,2026,10,Timed Entry+Exit,BUY,,ORIANA,298.9,25272.35
2026-10-05,2026,10,Timed HODL,BUY,signal,ORIANA,298.9,25272.35
