List,Stocks,Invested,Timed ₹,Timed XIRR%,Sharpe,Sortino,MaxDD%,SIP ₹,SIP XIRR%
top10,8,1066135.6599999985,5791817.764278528,36.07692360811268,0.8916894406378849,1.280078996642926,-47.97474469494429,5637210.668670216,35.52703338703241
top30,27,1066135.6599999985,5814682.141099254,36.1569926360489,0.8480514581401886,1.1337511134007001,-54.217643511538206,5553036.595794694,35.22124734296566
top50,44,1066135.6599999985,6233263.939463889,37.56962072787889,0.9174880075449123,1.1965351677897151,-62.53215450930594,6025475.576111639,36.88065190633491
top100,75,1066135.6599999985,6169326.91189191,37.36009809982508,1.0335405331575829,1.265406911766754,-58.73553646651983,6092985.373139503,37.10706595804658
strong_buy,150,1066135.6599999985,4761452.019277019,32.09294032512042,0.9971514460355925,1.2252448865119285,-58.83612971128671,4853851.31414578,32.48422754869236
buy_plus,198,1066135.6599999985,4828920.467832175,32.379402406150824,0.9739966239986118,1.196152620741692,-60.969981779348956,5082816.827593583,33.422159970382225
six_plus,198,1066135.6599999985,4828920.467832175,32.379402406150824,0.9739966239986118,1.196152620741692,-60.969981779348956,5082816.827593583,33.422159970382225
perfect7,51,1066135.6599999985,5333725.157110777,34.40208634281146,0.9997950268158697,1.393629940399562,-59.601217878961485,5314457.290687363,34.32850277344869
univest_old,63,1066135.6599999985,7409580.967131005,41.084348056640714,0.9158690924005017,1.2787217136110425,-68.63012926926605,6963911.183600768,39.82261983512883
stocks_current,135,1066135.6599999985,5308568.8109386135,34.30596109242758,0.8928839877638839,1.1391614764435323,-64.33909774751926,5896597.363352754,36.44128393572636
nifty50,,1066135.6599999985,1536420.7711308163,8.355927645817282,0.32822179852505995,0.4015115523264639,-38.441492056985894,,
nifty_midcap,,1066135.6599999985,2342448.3948557703,17.4548955990689,0.5281187486413164,0.6376039121313818,-49.08312493234499,,
